date,tvl_usd
2022-03-14 00:00:00,6
2022-03-15 00:00:00,7
2022-03-16 00:00:00,11
2022-03-17 00:00:00,7676242
2022-03-18 00:00:00,14138880
2022-03-19 00:00:00,17219607
2022-03-20 00:00:00,17909752
2022-03-21 00:00:00,18020965
2022-03-22 00:00:00,19296208
2022-03-23 00:00:00,21754188
2022-03-24 00:00:00,23964493
2022-03-25 00:00:00,26337393
2022-03-26 00:00:00,28746770
2022-03-27 00:00:00,29063880
2022-03-28 00:00:00,32111436
2022-03-29 00:00:00,34634459
2022-03-30 00:00:00,37297082
2022-03-31 00:00:00,39611911
2022-04-01 00:00:00,41797769
2022-04-02 00:00:00,46669912
2022-04-03 00:00:00,47690486
2022-04-04 00:00:00,50105080
2022-04-05 00:00:00,49905416
2022-04-06 00:00:00,49376591
2022-04-07 00:00:00,46724365
2022-04-08 00:00:00,50543850
2022-04-09 00:00:00,49940781
2022-04-10 00:00:00,54818930
2022-04-11 00:00:00,56444280
2022-04-12 00:00:00,53341545
2022-04-13 00:00:00,56051307
2022-04-14 00:00:00,58394763
2022-04-15 00:00:00,59977194
2022-04-16 00:00:00,62027990
2022-04-17 00:00:00,62819048
2022-04-18 00:00:00,64092500
2022-04-19 00:00:00,67035233
2022-04-20 00:00:00,121437458
2022-04-21 00:00:00,1060658871
2022-04-22 00:00:00,1196011958
2022-04-23 00:00:00,1264089369
2022-04-24 00:00:00,1300123102
2022-04-25 00:00:00,1340514088
2022-04-26 00:00:00,1446805874
2022-04-27 00:00:00,1385260787
2022-04-28 00:00:00,1394171026
2022-04-29 00:00:00,1392395848
2022-04-30 00:00:00,1396680374
2022-05-01 00:00:00,1366877860
2022-05-02 00:00:00,1409368739
2022-05-03 00:00:00,1420048293
2022-05-04 00:00:00,1410996441
2022-05-05 00:00:00,1480276885
2022-05-06 00:00:00,1412819267
2022-05-07 00:00:00,1382508583
2022-05-08 00:00:00,1357398724
2022-05-09 00:00:00,1326044950
2022-05-10 00:00:00,1205071533
2022-05-11 00:00:00,1275011045
2022-05-12 00:00:00,1102272953
2022-05-13 00:00:00,903993610
2022-05-14 00:00:00,911061107
2022-05-15 00:00:00,963997957
2022-05-16 00:00:00,998091741
2022-05-17 00:00:00,960806134
2022-05-18 00:00:00,1011859340
2022-05-19 00:00:00,1003281204
2022-05-20 00:00:00,1042698333
2022-05-21 00:00:00,1069737386
2022-05-22 00:00:00,1074880380
2022-05-23 00:00:00,1107765368
2022-05-24 00:00:00,1079452151
2022-05-25 00:00:00,1087975705
2022-05-26 00:00:00,1088308944
2022-05-27 00:00:00,955413463
2022-05-28 00:00:00,952083826
2022-05-29 00:00:00,979238939
2022-05-30 00:00:00,996437012
2022-05-31 00:00:00,1071811573
2022-06-01 00:00:00,1125618467
2022-06-02 00:00:00,1163326246
2022-06-03 00:00:00,1282597886
2022-06-04 00:00:00,1345697206
2022-06-05 00:00:00,1387961816
2022-06-06 00:00:00,1404162165
2022-06-07 00:00:00,1487142842
2022-06-08 00:00:00,1489676215
2022-06-09 00:00:00,1487441518
2022-06-10 00:00:00,1507587148
2022-06-11 00:00:00,1428779663
2022-06-12 00:00:00,1387650871
2022-06-13 00:00:00,1326854439
2022-06-14 00:00:00,1022912271
2022-06-15 00:00:00,986246590
2022-06-16 00:00:00,963650669
2022-06-17 00:00:00,930616657
2022-06-18 00:00:00,955672170
2022-06-19 00:00:00,942034203
2022-06-20 00:00:00,977098399
2022-06-21 00:00:00,997014130
2022-06-22 00:00:00,1034502544
2022-06-23 00:00:00,1038679647
2022-06-24 00:00:00,1061146062
2022-06-25 00:00:00,1079853916
2022-06-26 00:00:00,1089132174
2022-06-27 00:00:00,1069379219
2022-06-28 00:00:00,1069652414
2022-06-29 00:00:00,1058215680
2022-06-30 00:00:00,1013867572
2022-07-01 00:00:00,1032767722
2022-07-02 00:00:00,1039649521
2022-07-03 00:00:00,1030928179
2022-07-04 00:00:00,1045656191
2022-07-05 00:00:00,1079517481
2022-07-06 00:00:00,1021469487
2022-07-07 00:00:00,1037258457
2022-07-08 00:00:00,1065677040
2022-07-09 00:00:00,1057757418
2022-07-10 00:00:00,1074352627
2022-07-11 00:00:00,1058897609
2022-07-12 00:00:00,1036286191
2022-07-13 00:00:00,1005128340
2022-07-14 00:00:00,1066136653
2022-07-15 00:00:00,1064944505
2022-07-16 00:00:00,1080292957
2022-07-17 00:00:00,1110119637
2022-07-18 00:00:00,1104251127
2022-07-19 00:00:00,1175973458
2022-07-20 00:00:00,1200522624
2022-07-21 00:00:00,1204161023
2022-07-22 00:00:00,1197596047
2022-07-23 00:00:00,1196294934
2022-07-24 00:00:00,1197251748
2022-07-25 00:00:00,1192487398
2022-07-26 00:00:00,1165284381
2022-07-27 00:00:00,1177774287
2022-07-28 00:00:00,1215996199
2022-07-29 00:00:00,1239388215
2022-07-30 00:00:00,1188282760
2022-07-31 00:00:00,1212634330
2022-08-01 00:00:00,1207556950
2022-08-02 00:00:00,1160647335
2022-08-03 00:00:00,1146929869
2022-08-04 00:00:00,1157289874
2022-08-05 00:00:00,1354632257
2022-08-06 00:00:00,1534670959
2022-08-07 00:00:00,1548976225
2022-08-08 00:00:00,1575160235
2022-08-09 00:00:00,1613632745
2022-08-10 00:00:00,1614086810
2022-08-11 00:00:00,1666192502
2022-08-12 00:00:00,1669214684
2022-08-13 00:00:00,1684513314
2022-08-14 00:00:00,1658467320
2022-08-15 00:00:00,1625223842
2022-08-16 00:00:00,1592757447
2022-08-17 00:00:00,1558248849
2022-08-18 00:00:00,1549339657
2022-08-19 00:00:00,1425635745
2022-08-20 00:00:00,1331132410
2022-08-21 00:00:00,1320186661
2022-08-22 00:00:00,1330804751
2022-08-23 00:00:00,1315822123
2022-08-24 00:00:00,1329523088
2022-08-25 00:00:00,1346054095
2022-08-26 00:00:00,1370750837
2022-08-27 00:00:00,1318522908
2022-08-28 00:00:00,1321107446
2022-08-29 00:00:00,1295564778
2022-08-30 00:00:00,1193707999
2022-08-31 00:00:00,1213412875
2022-09-01 00:00:00,1208775739
2022-09-02 00:00:00,1214551008
2022-09-03 00:00:00,1208558086
2022-09-04 00:00:00,1200228241
2022-09-05 00:00:00,1205356865
2022-09-06 00:00:00,1188469770
2022-09-07 00:00:00,1133067861
2022-09-08 00:00:00,1139559491
2022-09-09 00:00:00,1116873935
2022-09-10 00:00:00,1142127539
2022-09-11 00:00:00,1145014956
2022-09-12 00:00:00,1138347625
2022-09-13 00:00:00,1134243017
2022-09-14 00:00:00,1094681933
2022-09-15 00:00:00,1109190823
2022-09-16 00:00:00,1085329493
2022-09-17 00:00:00,1087478952
2022-09-18 00:00:00,1113440967
2022-09-19 00:00:00,1161610078
2022-09-20 00:00:00,1179111363
2022-09-21 00:00:00,1167124836
2022-09-22 00:00:00,1160954216
2022-09-23 00:00:00,1173332909
2022-09-24 00:00:00,1168859104
2022-09-25 00:00:00,1164775949
2022-09-26 00:00:00,1157908439
2022-09-27 00:00:00,1168539706
2022-09-28 00:00:00,1172840900
2022-09-29 00:00:00,1212754025
2022-09-30 00:00:00,1209673210
2022-10-01 00:00:00,1202751656
2022-10-02 00:00:00,1199974420
2022-10-03 00:00:00,1192922705
2022-10-04 00:00:00,1210057901
2022-10-05 00:00:00,1221799478
2022-10-06 00:00:00,1207200004
2022-10-07 00:00:00,1193381648
2022-10-08 00:00:00,1186646019
2022-10-09 00:00:00,1189680617
2022-10-10 00:00:00,1183784966
2022-10-11 00:00:00,1171040867
2022-10-12 00:00:00,1176223414
2022-10-13 00:00:00,1087295988
2022-10-14 00:00:00,1097042019
2022-10-15 00:00:00,1085661323
2022-10-16 00:00:00,1082521424
2022-10-17 00:00:00,1084415928
2022-10-18 00:00:00,1056947325
2022-10-19 00:00:00,1053061527
2022-10-20 00:00:00,1057152280
2022-10-21 00:00:00,1053038818
2022-10-22 00:00:00,1057168260
2022-10-23 00:00:00,1055443065
2022-10-24 00:00:00,1062541918
2022-10-25 00:00:00,1061295922
2022-10-26 00:00:00,1079894516
2022-10-27 00:00:00,1090545397
2022-10-28 00:00:00,1102619552
2022-10-29 00:00:00,1113852293
2022-10-30 00:00:00,1132177528
2022-10-31 00:00:00,1118190315
2022-11-01 00:00:00,1082337204
2022-11-02 00:00:00,1062383791
2022-11-03 00:00:00,1005771267
2022-11-04 00:00:00,943807619
2022-11-05 00:00:00,936634438
2022-11-06 00:00:00,923379145
2022-11-07 00:00:00,903799131
2022-11-08 00:00:00,901495642
2022-11-09 00:00:00,816389913
2022-11-10 00:00:00,725926259
2022-11-11 00:00:00,732304278
2022-11-12 00:00:00,721878680
2022-11-13 00:00:00,726323204
2022-11-14 00:00:00,706479960
2022-11-15 00:00:00,633405487
2022-11-16 00:00:00,632383727
2022-11-17 00:00:00,612955750
2022-11-18 00:00:00,603116391
2022-11-19 00:00:00,601445643
2022-11-20 00:00:00,598137561
2022-11-21 00:00:00,582906707
2022-11-22 00:00:00,522842646
2022-11-23 00:00:00,510266298
2022-11-24 00:00:00,506045358
2022-11-25 00:00:00,482077251
2022-11-26 00:00:00,469181069
2022-11-27 00:00:00,478915185
2022-11-28 00:00:00,475735865
2022-11-29 00:00:00,473655915
2022-11-30 00:00:00,489804045
2022-12-01 00:00:00,497191411
2022-12-02 00:00:00,495639111
2022-12-03 00:00:00,502081096
2022-12-04 00:00:00,500848854
2022-12-05 00:00:00,515080734
2022-12-06 00:00:00,520982726
2022-12-07 00:00:00,523107483
2022-12-08 00:00:00,504727655
2022-12-09 00:00:00,509595789
2022-12-10 00:00:00,509411764
2022-12-11 00:00:00,510001774
2022-12-12 00:00:00,502983427
2022-12-13 00:00:00,507831001
2022-12-14 00:00:00,500928515
2022-12-15 00:00:00,501063320
2022-12-16 00:00:00,496006213
2022-12-17 00:00:00,483349676
2022-12-18 00:00:00,480164807
2022-12-19 00:00:00,476226054
2022-12-20 00:00:00,473262584
2022-12-21 00:00:00,481378982
2022-12-22 00:00:00,475132207
2022-12-23 00:00:00,477884883
2022-12-24 00:00:00,481504520
2022-12-25 00:00:00,476865038
2022-12-26 00:00:00,475779255
2022-12-27 00:00:00,472226662
2022-12-28 00:00:00,466658997
2022-12-29 00:00:00,466258165
2022-12-30 00:00:00,454219975
2022-12-31 00:00:00,449971648
2023-01-01 00:00:00,440028549
2023-01-02 00:00:00,439942907
2023-01-03 00:00:00,442823160
2023-01-04 00:00:00,442838922
2023-01-05 00:00:00,446139202
2023-01-06 00:00:00,451230745
2023-01-07 00:00:00,453934855
2023-01-08 00:00:00,452859364
2023-01-09 00:00:00,456025621
2023-01-10 00:00:00,461323190
2023-01-11 00:00:00,463297931
2023-01-12 00:00:00,489367468
2023-01-13 00:00:00,488678015
2023-01-14 00:00:00,527509816
2023-01-15 00:00:00,527678711
2023-01-16 00:00:00,530156061
2023-01-17 00:00:00,531074260
2023-01-18 00:00:00,528774937
2023-01-19 00:00:00,514513588
2023-01-20 00:00:00,522753943
2023-01-21 00:00:00,544031901
2023-01-22 00:00:00,533799220
2023-01-23 00:00:00,529168717
2023-01-24 00:00:00,528156919
2023-01-25 00:00:00,513142439
2023-01-26 00:00:00,525909350
2023-01-27 00:00:00,528027938
2023-01-28 00:00:00,543960985
2023-01-29 00:00:00,543730377
2023-01-30 00:00:00,562253938
2023-01-31 00:00:00,556048744
2023-02-01 00:00:00,567809354
2023-02-02 00:00:00,587862116
2023-02-03 00:00:00,589607492
2023-02-04 00:00:00,611551696
2023-02-05 00:00:00,623699414
2023-02-06 00:00:00,637802305
2023-02-07 00:00:00,636405088
2023-02-08 00:00:00,655598487
2023-02-09 00:00:00,659064989
2023-02-10 00:00:00,633074858
2023-02-11 00:00:00,636494954
2023-02-12 00:00:00,650304081
2023-02-13 00:00:00,647365880
2023-02-14 00:00:00,661948295
2023-02-15 00:00:00,685669539
2023-02-16 00:00:00,735933516
2023-02-17 00:00:00,721914439
2023-02-18 00:00:00,748410232
2023-02-19 00:00:00,765996306
2023-02-20 00:00:00,762650352
2023-02-21 00:00:00,770377371
2023-02-22 00:00:00,762459553
2023-02-23 00:00:00,767866691
2023-02-24 00:00:00,763132941
2023-02-25 00:00:00,754089010
2023-02-26 00:00:00,752087608
2023-02-27 00:00:00,775958584
2023-02-28 00:00:00,774738100
2023-03-01 00:00:00,768843194
2023-03-02 00:00:00,784520194
2023-03-03 00:00:00,815749105
2023-03-04 00:00:00,814504775
2023-03-05 00:00:00,815775108
2023-03-06 00:00:00,822026324
2023-03-07 00:00:00,828868165
2023-03-08 00:00:00,861849462
2023-03-09 00:00:00,845993537
2023-03-10 00:00:00,803418027
2023-03-11 00:00:00,780938100
2023-03-12 00:00:00,833429773
2023-03-13 00:00:00,962650218
2023-03-14 00:00:00,963160386
2023-03-15 00:00:00,988650924
2023-03-16 00:00:00,956194052
2023-03-17 00:00:00,983398283
2023-03-18 00:00:00,1077147763
2023-03-19 00:00:00,1086478501
2023-03-20 00:00:00,1119140681
2023-03-21 00:00:00,1153876255
2023-03-22 00:00:00,1170069375
2023-03-23 00:00:00,1138797313
2023-03-24 00:00:00,1185006861
2023-03-25 00:00:00,1168185796
2023-03-26 00:00:00,1181813693
2023-03-27 00:00:00,1187445535
2023-03-28 00:00:00,1161619505
2023-03-29 00:00:00,1190933292
2023-03-30 00:00:00,1226280095
2023-03-31 00:00:00,1244185540
2023-04-01 00:00:00,1305947082
2023-04-02 00:00:00,1329553436
2023-04-03 00:00:00,1331173854
2023-04-04 00:00:00,1343700487
2023-04-05 00:00:00,1396255487
2023-04-06 00:00:00,1390475490
2023-04-07 00:00:00,1384977957
2023-04-08 00:00:00,1399156759
2023-04-09 00:00:00,1376204622
2023-04-10 00:00:00,1383276979
2023-04-11 00:00:00,1393129303
2023-04-12 00:00:00,1383171420
2023-04-13 00:00:00,1406105949
2023-04-14 00:00:00,1453859947
2023-04-15 00:00:00,1455529813
2023-04-16 00:00:00,1469040788
2023-04-17 00:00:00,1438986326
2023-04-18 00:00:00,1438431288
2023-04-19 00:00:00,1472287642
2023-04-20 00:00:00,1372440844
2023-04-21 00:00:00,1354319526
2023-04-22 00:00:00,1295146934
2023-04-23 00:00:00,1297386328
2023-04-24 00:00:00,1300507811
2023-04-25 00:00:00,1284444700
2023-04-26 00:00:00,1308769933
2023-04-27 00:00:00,1334092556
2023-04-28 00:00:00,1366765096
2023-04-29 00:00:00,1381344895
2023-04-30 00:00:00,1390901321
2023-05-01 00:00:00,1363897276
2023-05-02 00:00:00,1328426721
2023-05-03 00:00:00,1379594796
2023-05-04 00:00:00,1438574095
2023-05-05 00:00:00,1451759878
2023-05-06 00:00:00,1498215859
2023-05-07 00:00:00,1468649528
2023-05-08 00:00:00,1444771940
2023-05-09 00:00:00,1417101157
2023-05-10 00:00:00,1430251853
2023-05-11 00:00:00,1427307878
2023-05-12 00:00:00,1411234723
2023-05-13 00:00:00,1425491595
2023-05-14 00:00:00,1416974638
2023-05-15 00:00:00,1411128544
2023-05-16 00:00:00,1441350094
2023-05-17 00:00:00,1440970796
2023-05-18 00:00:00,1444055765
2023-05-19 00:00:00,1424725134
2023-05-20 00:00:00,1445531567
2023-05-21 00:00:00,1468625391
2023-05-22 00:00:00,1445521927
2023-05-23 00:00:00,1465357328
2023-05-24 00:00:00,1497724819
2023-05-25 00:00:00,1460535227
2023-05-26 00:00:00,1466798216
2023-05-27 00:00:00,1502074956
2023-05-28 00:00:00,1520761075
2023-05-29 00:00:00,1580926361
2023-05-30 00:00:00,1564159391
2023-05-31 00:00:00,1568418331
2023-06-01 00:00:00,1528510830
2023-06-02 00:00:00,1536529393
2023-06-03 00:00:00,1580366627
2023-06-04 00:00:00,1587821066
2023-06-05 00:00:00,1583576282
2023-06-06 00:00:00,1548510889
2023-06-07 00:00:00,1616029010
2023-06-08 00:00:00,1588495967
2023-06-09 00:00:00,1587068972
2023-06-10 00:00:00,1598121395
2023-06-11 00:00:00,1581651986
2023-06-12 00:00:00,1595193713
2023-06-13 00:00:00,1582836811
2023-06-14 00:00:00,1615150639
2023-06-15 00:00:00,1639142689
2023-06-16 00:00:00,1644162764
2023-06-17 00:00:00,1652954662
2023-06-18 00:00:00,1661977038
2023-06-19 00:00:00,1673910917
2023-06-20 00:00:00,1684648870
2023-06-21 00:00:00,1780928251
2023-06-22 00:00:00,1882623790
2023-06-23 00:00:00,1821023337
2023-06-24 00:00:00,1831563291
2023-06-25 00:00:00,1823446771
2023-06-26 00:00:00,1849419988
2023-06-27 00:00:00,1848184657
2023-06-28 00:00:00,1875159215
2023-06-29 00:00:00,1832730967
2023-06-30 00:00:00,1856316350
2023-07-01 00:00:00,1946329952
2023-07-02 00:00:00,1962570860
2023-07-03 00:00:00,2022081020
2023-07-04 00:00:00,2051782442
2023-07-05 00:00:00,2040146950
2023-07-06 00:00:00,1992052518
2023-07-07 00:00:00,1950810116
2023-07-08 00:00:00,1970022068
2023-07-09 00:00:00,1961285759
2023-07-10 00:00:00,1963107849
2023-07-11 00:00:00,1961333113
2023-07-12 00:00:00,1976439026
2023-07-13 00:00:00,1983615536
2023-07-14 00:00:00,2156445905
2023-07-15 00:00:00,2101427769
2023-07-16 00:00:00,2095090773
2023-07-17 00:00:00,2044517727
2023-07-18 00:00:00,2056867286
2023-07-19 00:00:00,2062456925
2023-07-20 00:00:00,2048749909
2023-07-21 00:00:00,2075834297
2023-07-22 00:00:00,2099514283
2023-07-23 00:00:00,2076887121
2023-07-24 00:00:00,2074993641
2023-07-25 00:00:00,2046619171
2023-07-26 00:00:00,2042788113
2023-07-27 00:00:00,2055526453
2023-07-28 00:00:00,2042706194
2023-07-29 00:00:00,2054239547
2023-07-30 00:00:00,2069931478
2023-07-31 00:00:00,1952490779
2023-08-01 00:00:00,1961389839
2023-08-02 00:00:00,2016941765
2023-08-03 00:00:00,2004932798
2023-08-04 00:00:00,2042883499
2023-08-05 00:00:00,2049302065
2023-08-06 00:00:00,2062138997
2023-08-07 00:00:00,2090024789
2023-08-08 00:00:00,2105702513
2023-08-09 00:00:00,2150219524
2023-08-10 00:00:00,2126310332
2023-08-11 00:00:00,2107396837
2023-08-12 00:00:00,2123126355
2023-08-13 00:00:00,2130962542
2023-08-14 00:00:00,2128816908
2023-08-15 00:00:00,2148260791
2023-08-16 00:00:00,2128932170
2023-08-17 00:00:00,2090553067
2023-08-18 00:00:00,2021440185
2023-08-19 00:00:00,2035733013
2023-08-20 00:00:00,2035755820
2023-08-21 00:00:00,2079827299
2023-08-22 00:00:00,2121458107
2023-08-23 00:00:00,2077658433
2023-08-24 00:00:00,2140475447
2023-08-25 00:00:00,2101553447
2023-08-26 00:00:00,2088588538
2023-08-27 00:00:00,2087788702
2023-08-28 00:00:00,2096043050
2023-08-29 00:00:00,2109546052
2023-08-30 00:00:00,2198701360
2023-08-31 00:00:00,2201791054
2023-09-01 00:00:00,2141034802
2023-09-02 00:00:00,2135038245
2023-09-03 00:00:00,2155466021
2023-09-04 00:00:00,2169462513
2023-09-05 00:00:00,2183153050
2023-09-06 00:00:00,2193306375
2023-09-07 00:00:00,2178406704
2023-09-08 00:00:00,2235243950
2023-09-09 00:00:00,2219913345
2023-09-10 00:00:00,2226020758
2023-09-11 00:00:00,2224840039
2023-09-12 00:00:00,2156837017
2023-09-13 00:00:00,2208675849
2023-09-14 00:00:00,2238266877
2023-09-15 00:00:00,2266752728
2023-09-16 00:00:00,2284434578
2023-09-17 00:00:00,2268218197
2023-09-18 00:00:00,2293847548
2023-09-19 00:00:00,2325829617
2023-09-20 00:00:00,2352421863
2023-09-21 00:00:00,2343947123
2023-09-22 00:00:00,2295804571
2023-09-23 00:00:00,2315019506
2023-09-24 00:00:00,2310603439
2023-09-25 00:00:00,2286848875
2023-09-26 00:00:00,2378219428
2023-09-27 00:00:00,2385228930
2023-09-28 00:00:00,2395404811
2023-09-29 00:00:00,2475796663
2023-09-30 00:00:00,2499688119
2023-10-01 00:00:00,2486568772
2023-10-02 00:00:00,2591518631
2023-10-03 00:00:00,2539361731
2023-10-04 00:00:00,2519085531
2023-10-05 00:00:00,2540507390
2023-10-06 00:00:00,2518743814
2023-10-07 00:00:00,2562717937
2023-10-08 00:00:00,2590846857
2023-10-09 00:00:00,2549065941
2023-10-10 00:00:00,2473218627
2023-10-11 00:00:00,2462864233
2023-10-12 00:00:00,2426606711
2023-10-13 00:00:00,2409744969
2023-10-14 00:00:00,2457375319
2023-10-15 00:00:00,2472400657
2023-10-16 00:00:00,2479991611
2023-10-17 00:00:00,2568921651
2023-10-18 00:00:00,2566953111
2023-10-19 00:00:00,2579182783
2023-10-20 00:00:00,2618984187
2023-10-21 00:00:00,2649860744
2023-10-22 00:00:00,2742186467
2023-10-23 00:00:00,2809990860
2023-10-24 00:00:00,2971781441
2023-10-25 00:00:00,2990248198
2023-10-26 00:00:00,3006522001
2023-10-27 00:00:00,3013585457
2023-10-28 00:00:00,2983349281
2023-10-29 00:00:00,2974665475
2023-10-30 00:00:00,3030613579
2023-10-31 00:00:00,3082180300
2023-11-01 00:00:00,3024737240
2023-11-02 00:00:00,3105015366
2023-11-03 00:00:00,2851603536
2023-11-04 00:00:00,3184374652
2023-11-05 00:00:00,3131108287
2023-11-06 00:00:00,3092385960
2023-11-07 00:00:00,3070383916
2023-11-08 00:00:00,3114764471
2023-11-09 00:00:00,3152292154
2023-11-10 00:00:00,3368822584
2023-11-11 00:00:00,3332686580
2023-11-12 00:00:00,3286108071
2023-11-13 00:00:00,3364978684
2023-11-14 00:00:00,3303645268
2023-11-15 00:00:00,3222436628
2023-11-16 00:00:00,3424406274
2023-11-17 00:00:00,3311413964
2023-11-18 00:00:00,3329432201
2023-11-19 00:00:00,3342086661
2023-11-20 00:00:00,3406214823
2023-11-21 00:00:00,3404345777
2023-11-22 00:00:00,3264147390
2023-11-23 00:00:00,3431295299
2023-11-24 00:00:00,3421888709
2023-11-25 00:00:00,3450042240
2023-11-26 00:00:00,3444586102
2023-11-27 00:00:00,3420097209
2023-11-28 00:00:00,3351207519
2023-11-29 00:00:00,3401780690
2023-11-30 00:00:00,3387286520
2023-12-01 00:00:00,3424362871
2023-12-02 00:00:00,3482427629
2023-12-03 00:00:00,3658743289
2023-12-04 00:00:00,3695269778
2023-12-05 00:00:00,3742048687
2023-12-06 00:00:00,3865777922
2023-12-07 00:00:00,3802154796
2023-12-08 00:00:00,4015699566
2023-12-09 00:00:00,4063608595
2023-12-10 00:00:00,3958617382
2023-12-11 00:00:00,3969334520
2023-12-12 00:00:00,3781266921
2023-12-13 00:00:00,3733988946
2023-12-14 00:00:00,3908992309
2023-12-15 00:00:00,3999835426
2023-12-16 00:00:00,3866188316
2023-12-17 00:00:00,3899142543
2023-12-18 00:00:00,3839615155
2023-12-19 00:00:00,3918209483
2023-12-20 00:00:00,3842000449
2023-12-21 00:00:00,3918293669
2023-12-22 00:00:00,3988485800
2023-12-23 00:00:00,4111300418
2023-12-24 00:00:00,4097173968
2023-12-25 00:00:00,4045141879
2023-12-26 00:00:00,4095781815
2023-12-27 00:00:00,4069945528
2023-12-28 00:00:00,4364767546
2023-12-29 00:00:00,4329598906
2023-12-30 00:00:00,4260744559
2023-12-31 00:00:00,4255403426
2024-01-01 00:00:00,4272886710
2024-01-02 00:00:00,4389346411
2024-01-03 00:00:00,4422356011
2024-01-04 00:00:00,4185334724
2024-01-05 00:00:00,4339486261
2024-01-06 00:00:00,4492203390
2024-01-07 00:00:00,4459769207
2024-01-08 00:00:00,4425796453
2024-01-09 00:00:00,4627329276
2024-01-10 00:00:00,4680937742
2024-01-11 00:00:00,5134068256
2024-01-12 00:00:00,5240501667
2024-01-13 00:00:00,5016419035
2024-01-14 00:00:00,5112570423
2024-01-15 00:00:00,4993314294
2024-01-16 00:00:00,5078265599
2024-01-17 00:00:00,5237922121
2024-01-18 00:00:00,5114474889
2024-01-19 00:00:00,5048025145
2024-01-20 00:00:00,5035827210
2024-01-21 00:00:00,5067878334
2024-01-22 00:00:00,5034059817
2024-01-23 00:00:00,4813626804
2024-01-24 00:00:00,4737989812
2024-01-25 00:00:00,4759808705
2024-01-26 00:00:00,4775006503
2024-01-27 00:00:00,4911942265
2024-01-28 00:00:00,4925443209
2024-01-29 00:00:00,4904059461
2024-01-30 00:00:00,4938584837
2024-01-31 00:00:00,4922602783
2024-02-01 00:00:00,4838536555
2024-02-02 00:00:00,4910334044
2024-02-03 00:00:00,4946529940
2024-02-04 00:00:00,4905510428
2024-02-05 00:00:00,4931892990
2024-02-06 00:00:00,4973679643
2024-02-07 00:00:00,5063284832
2024-02-08 00:00:00,5126640435
2024-02-09 00:00:00,5113044200
2024-02-10 00:00:00,5295314133
2024-02-11 00:00:00,5332753611
2024-02-12 00:00:00,5361340601
2024-02-13 00:00:00,5608530300
2024-02-14 00:00:00,5564179498
2024-02-15 00:00:00,5848487219
2024-02-16 00:00:00,5981324332
2024-02-17 00:00:00,5933390010
2024-02-18 00:00:00,5912967419
2024-02-19 00:00:00,6047032366
2024-02-20 00:00:00,6150267705
2024-02-21 00:00:00,6207936626
2024-02-22 00:00:00,6147832859
2024-02-23 00:00:00,6154542348
2024-02-24 00:00:00,6056082608
2024-02-25 00:00:00,6206307437
2024-02-26 00:00:00,6386471730
2024-02-27 00:00:00,6603796171
2024-02-28 00:00:00,6770673880
2024-02-29 00:00:00,7134551343
2024-03-01 00:00:00,7263725332
2024-03-02 00:00:00,7485667664
2024-03-03 00:00:00,7503615750
2024-03-04 00:00:00,7643147141
2024-03-05 00:00:00,7997819158
2024-03-06 00:00:00,7777790860
2024-03-07 00:00:00,8352705075
2024-03-08 00:00:00,8443937397
2024-03-09 00:00:00,8582257385
2024-03-10 00:00:00,8645676360
2024-03-11 00:00:00,8678193713
2024-03-12 00:00:00,9157282317
2024-03-13 00:00:00,9009631154
2024-03-14 00:00:00,9142554537
2024-03-15 00:00:00,8952320031
2024-03-16 00:00:00,8695861476
2024-03-17 00:00:00,8269268844
2024-03-18 00:00:00,8543958083
2024-03-19 00:00:00,8451421613
2024-03-20 00:00:00,7578068930
2024-03-21 00:00:00,8493706809
2024-03-22 00:00:00,8125502812
2024-03-23 00:00:00,8170873882
2024-03-24 00:00:00,8270935963
2024-03-25 00:00:00,8556953200
2024-03-26 00:00:00,9053195633
2024-03-27 00:00:00,9058211397
2024-03-28 00:00:00,8785965181
2024-03-29 00:00:00,9010717830
2024-03-30 00:00:00,8811449184
2024-03-31 00:00:00,8785904235
2024-04-01 00:00:00,9217535269
2024-04-02 00:00:00,8905522395
2024-04-03 00:00:00,8329429995
2024-04-04 00:00:00,8410023236
2024-04-05 00:00:00,8492761723
2024-04-06 00:00:00,8607916408
2024-04-07 00:00:00,8730181002
2024-04-08 00:00:00,8800630614
2024-04-09 00:00:00,9475170980
2024-04-10 00:00:00,9000104064
2024-04-11 00:00:00,9196023409
2024-04-12 00:00:00,9103297527
2024-04-13 00:00:00,8412892315
2024-04-14 00:00:00,7609443886
2024-04-15 00:00:00,8239050473
2024-04-16 00:00:00,8112363582
2024-04-17 00:00:00,8200919516
2024-04-18 00:00:00,8020987559
2024-04-19 00:00:00,8177409543
2024-04-20 00:00:00,8431594925
2024-04-21 00:00:00,8640572292
2024-04-22 00:00:00,8672770624
2024-04-23 00:00:00,8849992616
2024-04-24 00:00:00,8847828785
2024-04-25 00:00:00,8651100774
2024-04-26 00:00:00,8706363397
2024-04-27 00:00:00,8696673271
2024-04-28 00:00:00,8827240301
2024-04-29 00:00:00,8943709122
2024-04-30 00:00:00,8772936755
2024-05-01 00:00:00,8304282359
2024-05-02 00:00:00,8209359721
2024-05-03 00:00:00,8362578736
2024-05-04 00:00:00,8739912689
2024-05-05 00:00:00,8791350821
2024-05-06 00:00:00,8798177946
2024-05-07 00:00:00,8666146749
2024-05-08 00:00:00,8641650584
2024-05-09 00:00:00,8538393290
2024-05-10 00:00:00,8726218807
2024-05-11 00:00:00,8515580813
2024-05-12 00:00:00,8565096773
2024-05-13 00:00:00,8600203643
2024-05-14 00:00:00,8677567695
2024-05-15 00:00:00,8507682832
2024-05-16 00:00:00,8965253816
2024-05-17 00:00:00,8856975358
2024-05-18 00:00:00,9261610304
2024-05-19 00:00:00,9340827627
2024-05-20 00:00:00,9215883511
2024-05-21 00:00:00,10472955402
2024-05-22 00:00:00,10814453145
2024-05-23 00:00:00,10851737731
2024-05-24 00:00:00,11007373616
2024-05-25 00:00:00,10814499860
2024-05-26 00:00:00,10875591264
2024-05-27 00:00:00,11097512791
2024-05-28 00:00:00,11292401395
2024-05-29 00:00:00,11136715869
2024-05-30 00:00:00,10899341318
2024-05-31 00:00:00,10920216948
2024-06-01 00:00:00,11037581096
2024-06-02 00:00:00,11110773313
2024-06-03 00:00:00,11039794189
2024-06-04 00:00:00,10963158378
2024-06-05 00:00:00,11202071825
2024-06-06 00:00:00,11314609153
2024-06-07 00:00:00,11176223413
2024-06-08 00:00:00,10988447884
2024-06-09 00:00:00,11011843166
2024-06-10 00:00:00,11099463892
2024-06-11 00:00:00,10994628023
2024-06-12 00:00:00,10573769984
2024-06-13 00:00:00,10773630464
2024-06-14 00:00:00,10559903383
2024-06-15 00:00:00,10535701666
2024-06-16 00:00:00,10705437741
2024-06-17 00:00:00,10785390427
2024-06-18 00:00:00,10604190252
2024-06-19 00:00:00,10466310186
2024-06-20 00:00:00,10669319664
2024-06-21 00:00:00,10645165843
2024-06-22 00:00:00,10900160974
2024-06-23 00:00:00,10861895217
2024-06-24 00:00:00,10651641024
2024-06-25 00:00:00,10399601376
2024-06-26 00:00:00,10592549114
2024-06-27 00:00:00,10609883752
2024-06-28 00:00:00,10774627708
2024-06-29 00:00:00,10614710780
2024-06-30 00:00:00,10688383999
2024-07-01 00:00:00,10791543282
2024-07-02 00:00:00,11001764707
2024-07-03 00:00:00,10893306225
2024-07-04 00:00:00,10569128424
2024-07-05 00:00:00,10155360067
2024-07-06 00:00:00,9922362375
2024-07-07 00:00:00,10139581293
2024-07-08 00:00:00,9860539436
2024-07-09 00:00:00,10162998342
2024-07-10 00:00:00,10324197091
2024-07-11 00:00:00,10385648248
2024-07-12 00:00:00,10437335329
2024-07-13 00:00:00,10493806257
2024-07-14 00:00:00,10614390276
2024-07-15 00:00:00,10961539893
2024-07-16 00:00:00,11484482875
2024-07-17 00:00:00,11573073780
2024-07-18 00:00:00,11568978772
2024-07-19 00:00:00,11549956995
2024-07-20 00:00:00,11871878590
2024-07-21 00:00:00,11977258213
2024-07-22 00:00:00,12050642123
2024-07-23 00:00:00,11829574765
2024-07-24 00:00:00,11841397073
2024-07-25 00:00:00,11494869329
2024-07-26 00:00:00,11095809652
2024-07-27 00:00:00,11469104867
2024-07-28 00:00:00,11465119682
2024-07-29 00:00:00,11442164879
2024-07-30 00:00:00,11789204332
2024-07-31 00:00:00,11653509096
2024-08-01 00:00:00,11489238636
2024-08-02 00:00:00,11305895559
2024-08-03 00:00:00,10806566861
2024-08-04 00:00:00,10431862077
2024-08-05 00:00:00,10018511824
2024-08-06 00:00:00,9427380751
2024-08-07 00:00:00,9713303381
2024-08-08 00:00:00,9376624087
2024-08-09 00:00:00,10256990925
2024-08-10 00:00:00,10293080620
2024-08-11 00:00:00,10316398552
2024-08-12 00:00:00,10128014966
2024-08-13 00:00:00,10509844638
2024-08-14 00:00:00,10689833108
2024-08-15 00:00:00,10383253364
2024-08-16 00:00:00,10151766660
2024-08-17 00:00:00,10331623282
2024-08-18 00:00:00,10284673482
2024-08-19 00:00:00,10409728565
2024-08-20 00:00:00,10311291061
2024-08-21 00:00:00,10323430388
2024-08-22 00:00:00,10664194391
2024-08-23 00:00:00,10597409028
2024-08-24 00:00:00,11120795836
2024-08-25 00:00:00,11053888815
2024-08-26 00:00:00,11134187274
2024-08-27 00:00:00,10819393953
2024-08-28 00:00:00,10107562851
2024-08-29 00:00:00,10205748647
2024-08-30 00:00:00,10223628470
2024-08-31 00:00:00,10244413384
2024-09-01 00:00:00,10224893908
2024-09-02 00:00:00,9972816016
2024-09-03 00:00:00,10377183722
2024-09-04 00:00:00,10115575442
2024-09-05 00:00:00,10141442720
2024-09-06 00:00:00,9843466817
2024-09-07 00:00:00,9408987605
2024-09-08 00:00:00,9520748413
2024-09-09 00:00:00,9596920326
2024-09-10 00:00:00,10018820115
2024-09-11 00:00:00,10080806312
2024-09-12 00:00:00,10036535101
2024-09-13 00:00:00,10083813792
2024-09-14 00:00:00,10539322433
2024-09-15 00:00:00,10500210250
2024-09-16 00:00:00,10233905527
2024-09-17 00:00:00,10090697880
2024-09-18 00:00:00,10334917316
2024-09-19 00:00:00,10314890402
2024-09-20 00:00:00,10781532848
2024-09-21 00:00:00,11070930475
2024-09-22 00:00:00,11081159612
2024-09-23 00:00:00,11043349233
2024-09-24 00:00:00,11460644084
2024-09-25 00:00:00,11579654366
2024-09-26 00:00:00,11414813579
2024-09-27 00:00:00,11724825545
2024-09-28 00:00:00,11946581317
2024-09-29 00:00:00,11860338370
2024-09-30 00:00:00,11808089546
2024-10-01 00:00:00,11508453138
2024-10-02 00:00:00,10968141411
2024-10-03 00:00:00,10782345056
2024-10-04 00:00:00,10717166958
2024-10-05 00:00:00,11044888193
2024-10-06 00:00:00,11009864323
2024-10-07 00:00:00,11101035393
2024-10-08 00:00:00,11005041210
2024-10-09 00:00:00,10941209308
2024-10-10 00:00:00,10792725702
2024-10-11 00:00:00,10826117958
2024-10-12 00:00:00,11140152920
2024-10-13 00:00:00,11440752154
2024-10-14 00:00:00,11403550235
2024-10-15 00:00:00,12059609858
2024-10-16 00:00:00,11987700166
2024-10-17 00:00:00,12027977536
2024-10-18 00:00:00,12116856128
2024-10-19 00:00:00,12230786073
2024-10-20 00:00:00,12297236865
2024-10-21 00:00:00,12645526102
2024-10-22 00:00:00,12494811247
2024-10-23 00:00:00,12434506858
2024-10-24 00:00:00,12019410321
2024-10-25 00:00:00,12220457841
2024-10-26 00:00:00,11959255779
2024-10-27 00:00:00,12177703388
2024-10-28 00:00:00,12329164316
2024-10-29 00:00:00,12558319693
2024-10-30 00:00:00,12828398163
2024-10-31 00:00:00,13053268846
2024-11-01 00:00:00,12503635216
2024-11-02 00:00:00,12534172035
2024-11-03 00:00:00,12495095566
2024-11-04 00:00:00,12551491368
2024-11-05 00:00:00,12276848884
2024-11-06 00:00:00,12502538785
2024-11-07 00:00:00,13831800501
2024-11-08 00:00:00,14299723936
2024-11-09 00:00:00,14631701918
2024-11-10 00:00:00,15185547182
2024-11-11 00:00:00,15667560606
2024-11-12 00:00:00,16476352661
2024-11-13 00:00:00,16270392595
2024-11-14 00:00:00,16245848262
2024-11-15 00:00:00,15800834434
2024-11-16 00:00:00,16046864896
2024-11-17 00:00:00,16282320781
2024-11-18 00:00:00,16015261428
2024-11-19 00:00:00,16487612541
2024-11-20 00:00:00,16300054576
2024-11-21 00:00:00,16251206476
2024-11-22 00:00:00,17665182602
2024-11-23 00:00:00,17711656525
2024-11-24 00:00:00,18120234672
2024-11-25 00:00:00,18059907894
2024-11-26 00:00:00,17839903087
2024-11-27 00:00:00,17578888775
2024-11-28 00:00:00,18926689159
2024-11-29 00:00:00,18671603791
2024-11-30 00:00:00,19039837139
2024-12-01 00:00:00,19428098015
2024-12-02 00:00:00,19554568873
2024-12-03 00:00:00,19348443129
2024-12-04 00:00:00,19407242193
2024-12-05 00:00:00,20243121895
2024-12-06 00:00:00,20040300196
2024-12-07 00:00:00,21180508203
2024-12-08 00:00:00,21323374090
2024-12-09 00:00:00,21403026038
2024-12-10 00:00:00,20178824948
2024-12-11 00:00:00,19976678727
2024-12-12 00:00:00,21022218901
2024-12-13 00:00:00,21099984912
2024-12-14 00:00:00,21491117741
2024-12-15 00:00:00,21466501599
2024-12-16 00:00:00,21539612268
2024-12-17 00:00:00,22320766558
2024-12-18 00:00:00,21808510034
2024-12-19 00:00:00,20316889787
2024-12-20 00:00:00,19552493707
2024-12-21 00:00:00,19510610212
2024-12-22 00:00:00,19116003439
2024-12-23 00:00:00,18895335766
2024-12-24 00:00:00,19593697585
2024-12-25 00:00:00,20334939450
2024-12-26 00:00:00,20311485717
2024-12-27 00:00:00,19700316513
2024-12-28 00:00:00,19593145703
2024-12-29 00:00:00,20034695425
2024-12-30 00:00:00,19921560867
2024-12-31 00:00:00,19721306284
2025-01-01 00:00:00,19745565564
2025-01-02 00:00:00,20157032747
2025-01-03 00:00:00,20450133679
2025-01-04 00:00:00,20832491159
2025-01-05 00:00:00,21074289475
2025-01-06 00:00:00,21139392021
2025-01-07 00:00:00,21418653999
2025-01-08 00:00:00,19617777173
2025-01-09 00:00:00,19471775068
2025-01-10 00:00:00,19120791808
2025-01-11 00:00:00,19689394134
2025-01-12 00:00:00,19912862880
2025-01-13 00:00:00,20072391888
2025-01-14 00:00:00,19694040848
2025-01-15 00:00:00,20272960751
2025-01-16 00:00:00,21258083861
2025-01-17 00:00:00,20659655423
2025-01-18 00:00:00,21492404864
2025-01-19 00:00:00,20858782421
2025-01-20 00:00:00,20418995797
2025-01-21 00:00:00,20741005993
2025-01-22 00:00:00,21062451715
2025-01-23 00:00:00,20807425831
2025-01-24 00:00:00,21029465203
2025-01-25 00:00:00,21258803632
2025-01-26 00:00:00,21395916831
2025-01-27 00:00:00,21183903023
2025-01-28 00:00:00,20382334642
2025-01-29 00:00:00,20415248745
2025-01-30 00:00:00,20700009724
2025-01-31 00:00:00,21329954389
2025-02-01 00:00:00,21521987835
2025-02-02 00:00:00,20686172206
2025-02-03 00:00:00,19156476573
2025-02-04 00:00:00,19861633378
2025-02-05 00:00:00,19244755600
2025-02-06 00:00:00,19207321263
2025-02-07 00:00:00,19110161241
2025-02-08 00:00:00,18877462990
2025-02-09 00:00:00,19031180188
2025-02-10 00:00:00,18912989677
2025-02-11 00:00:00,19280364195
2025-02-12 00:00:00,18822036106
2025-02-13 00:00:00,19383815681
2025-02-14 00:00:00,19272820370
2025-02-15 00:00:00,19522208872
2025-02-16 00:00:00,19389260258
2025-02-17 00:00:00,19121971967
2025-02-18 00:00:00,19523691215
2025-02-19 00:00:00,19159547823
2025-02-20 00:00:00,19467471984
2025-02-21 00:00:00,19727371412
2025-02-22 00:00:00,19233632214
2025-02-23 00:00:00,19247287593
2025-02-24 00:00:00,20068185218
2025-02-25 00:00:00,18849281890
2025-02-26 00:00:00,18744880219
2025-02-27 00:00:00,17686071848
2025-02-28 00:00:00,17744980770
2025-03-01 00:00:00,17709162549
2025-03-02 00:00:00,17804070521
2025-03-03 00:00:00,19556913654
2025-03-04 00:00:00,17688781589
2025-03-05 00:00:00,17818702849
2025-03-06 00:00:00,18386180638
2025-03-07 00:00:00,17748348546
2025-03-08 00:00:00,17752329340
2025-03-09 00:00:00,17883016710
2025-03-10 00:00:00,16863603779
2025-03-11 00:00:00,16231030721
2025-03-12 00:00:00,16691381686
2025-03-13 00:00:00,16816828742
2025-03-14 00:00:00,16622011630
2025-03-15 00:00:00,17195150953
2025-03-16 00:00:00,17368369880
2025-03-17 00:00:00,17211692809
2025-03-18 00:00:00,17357676207
2025-03-19 00:00:00,17377856134
2025-03-20 00:00:00,17409750439
2025-03-21 00:00:00,17037939489
2025-03-22 00:00:00,17232855720
2025-03-23 00:00:00,17523743196
2025-03-24 00:00:00,18050163619
2025-03-25 00:00:00,18685450937
2025-03-26 00:00:00,18935834445
2025-03-27 00:00:00,18503185849
2025-03-28 00:00:00,18681616220
2025-03-29 00:00:00,17906490552
2025-03-30 00:00:00,17414485105
2025-03-31 00:00:00,16448082694
2025-04-01 00:00:00,16867944067
2025-04-02 00:00:00,17482302287
2025-04-03 00:00:00,16852451721
2025-04-04 00:00:00,17136358373
2025-04-05 00:00:00,17268153491
2025-04-06 00:00:00,17359240959
2025-04-07 00:00:00,16109006923
2025-04-08 00:00:00,16391269055
2025-04-09 00:00:00,16086512786
2025-04-10 00:00:00,17469151901
2025-04-11 00:00:00,16688233809
2025-04-12 00:00:00,17091756050
2025-04-13 00:00:00,17268790834
2025-04-14 00:00:00,17344439671
2025-04-15 00:00:00,17610109352
2025-04-16 00:00:00,17535177178
2025-04-17 00:00:00,17656930194
2025-04-18 00:00:00,17644479800
2025-04-19 00:00:00,17592274838
2025-04-20 00:00:00,17810930100
2025-04-21 00:00:00,17611795220
2025-04-22 00:00:00,16971511347
2025-04-23 00:00:00,18551530406
2025-04-24 00:00:00,19103863029
2025-04-25 00:00:00,19245221495
2025-04-26 00:00:00,19636307658
2025-04-27 00:00:00,19434843438
2025-04-28 00:00:00,19550061304
2025-04-29 00:00:00,19561176175
2025-04-30 00:00:00,19417339205
2025-05-01 00:00:00,19408522188
2025-05-02 00:00:00,20002880388
2025-05-03 00:00:00,20357980791
2025-05-04 00:00:00,20249383335
2025-05-05 00:00:00,20033077467
2025-05-06 00:00:00,19886209488
2025-05-07 00:00:00,20112236409
2025-05-08 00:00:00,19169335639
2025-05-09 00:00:00,21861782660
2025-05-10 00:00:00,23074590296
2025-05-11 00:00:00,24512598478
2025-05-12 00:00:00,24085326444
2025-05-13 00:00:00,23660585211
2025-05-14 00:00:00,24863562714
2025-05-15 00:00:00,23573607018
2025-05-16 00:00:00,23008243969
2025-05-17 00:00:00,23284168390
2025-05-18 00:00:00,23068905176
2025-05-19 00:00:00,23617736389
2025-05-20 00:00:00,23826878715
2025-05-21 00:00:00,24023692656
2025-05-22 00:00:00,24337743707
2025-05-23 00:00:00,25202538312
2025-05-24 00:00:00,24317953411
2025-05-25 00:00:00,24353614598
2025-05-26 00:00:00,24462733506
2025-05-27 00:00:00,24663807572
2025-05-28 00:00:00,25074648311
2025-05-29 00:00:00,24990337711
2025-05-30 00:00:00,24547745077
2025-05-31 00:00:00,23962209295
2025-06-01 00:00:00,24121589283
2025-06-02 00:00:00,24396395410
2025-06-03 00:00:00,24803509706
2025-06-04 00:00:00,24803953772
2025-06-05 00:00:00,24861342684
2025-06-06 00:00:00,23597428559
2025-06-07 00:00:00,24187072941
2025-06-08 00:00:00,24582946974
2025-06-09 00:00:00,24506971791
2025-06-10 00:00:00,25134471137
2025-06-11 00:00:00,26088326551
2025-06-12 00:00:00,25928913729
2025-06-13 00:00:00,24909250371
2025-06-14 00:00:00,24762009087
2025-06-15 00:00:00,24534919213
2025-06-16 00:00:00,24570909267
2025-06-17 00:00:00,25854553446
2025-06-18 00:00:00,25252551264
2025-06-19 00:00:00,25284659119
2025-06-20 00:00:00,25222340888
2025-06-21 00:00:00,24265434803
2025-06-22 00:00:00,23485312582
2025-06-23 00:00:00,22517524974
2025-06-24 00:00:00,24138877391
2025-06-25 00:00:00,24471322262
2025-06-26 00:00:00,24675428790
2025-06-27 00:00:00,24149649040
2025-06-28 00:00:00,24425584609
2025-06-29 00:00:00,24603601779
2025-06-30 00:00:00,25144712857
2025-07-01 00:00:00,24706446674
2025-07-02 00:00:00,24163484177
2025-07-03 00:00:00,25348196037
2025-07-04 00:00:00,25812437106
2025-07-05 00:00:00,25239713313
2025-07-06 00:00:00,25552744940
2025-07-07 00:00:00,25941377978
2025-07-08 00:00:00,25686241616
2025-07-09 00:00:00,26197491390
2025-07-10 00:00:00,27419357897
2025-07-11 00:00:00,28406819834
2025-07-12 00:00:00,28436691422
2025-07-13 00:00:00,28457113990
2025-07-14 00:00:00,28956506491
2025-07-15 00:00:00,29332422701
2025-07-16 00:00:00,29953960869
2025-07-17 00:00:00,29961937383
2025-07-18 00:00:00,30531960608
2025-07-19 00:00:00,31353193760
2025-07-20 00:00:00,31821699764
2025-07-21 00:00:00,33098489744
2025-07-22 00:00:00,33013067640
2025-07-23 00:00:00,32915384493
2025-07-24 00:00:00,32497650373
2025-07-25 00:00:00,32460981710
2025-07-26 00:00:00,33023128725
2025-07-27 00:00:00,33233866748
2025-07-28 00:00:00,34667799096
2025-07-29 00:00:00,33716703551
2025-07-30 00:00:00,33704914212
2025-07-31 00:00:00,33943431057
2025-08-01 00:00:00,33568198818
2025-08-02 00:00:00,32034745552
2025-08-03 00:00:00,31606099660
2025-08-04 00:00:00,32488709752
2025-08-05 00:00:00,34053495936
2025-08-06 00:00:00,34087007289
2025-08-07 00:00:00,34605492573
2025-08-08 00:00:00,36635875815
2025-08-09 00:00:00,36921982534
2025-08-10 00:00:00,38159952150
2025-08-11 00:00:00,38296803889
2025-08-12 00:00:00,38154607276
2025-08-13 00:00:00,39795999390
2025-08-14 00:00:00,39810874244
2025-08-15 00:00:00,38545303406
2025-08-16 00:00:00,37381353183
2025-08-17 00:00:00,37234390344
2025-08-18 00:00:00,37243568693
2025-08-19 00:00:00,36686666242
2025-08-20 00:00:00,35264662713
2025-08-21 00:00:00,36630468406
2025-08-22 00:00:00,36415798157
2025-08-23 00:00:00,39571976310
2025-08-24 00:00:00,40739958364
2025-08-25 00:00:00,39491802594
2025-08-26 00:00:00,38302630261
2025-08-27 00:00:00,39437983079
2025-08-28 00:00:00,39202254568
2025-08-29 00:00:00,39664294930
2025-08-30 00:00:00,39080623160
2025-08-31 00:00:00,38944462176
2025-09-01 00:00:00,38811422793
2025-09-02 00:00:00,38550189602
2025-09-03 00:00:00,38241641025
2025-09-04 00:00:00,39869691553
2025-09-05 00:00:00,38763188684
2025-09-06 00:00:00,39101685763
2025-09-07 00:00:00,38813379134
2025-09-08 00:00:00,39811182606
2025-09-09 00:00:00,39570253780
2025-09-10 00:00:00,39324898341
2025-09-11 00:00:00,39970449688
2025-09-12 00:00:00,40537894167
2025-09-13 00:00:00,42166532929
2025-09-14 00:00:00,42055961630
2025-09-15 00:00:00,41709919618
2025-09-16 00:00:00,41340360634
2025-09-17 00:00:00,40613286253
2025-09-18 00:00:00,41465810216
2025-09-19 00:00:00,42366186712
2025-09-20 00:00:00,41535296901
2025-09-21 00:00:00,42723970597
2025-09-22 00:00:00,42106693629
2025-09-23 00:00:00,40233002733
2025-09-24 00:00:00,39602829708
2025-09-25 00:00:00,39740376931
2025-09-26 00:00:00,39429076309
2025-09-27 00:00:00,40368755202
2025-09-28 00:00:00,41281866357
2025-09-29 00:00:00,42703084286
2025-09-30 00:00:00,43296408982
2025-10-01 00:00:00,42990626099
2025-10-02 00:00:00,44206721746
2025-10-03 00:00:00,44654503641
2025-10-04 00:00:00,44664094942
2025-10-05 00:00:00,44340804073
2025-10-06 00:00:00,44223795844
2025-10-07 00:00:00,45443859638
2025-10-08 00:00:00,44510427344
2025-10-09 00:00:00,44994427464
2025-10-10 00:00:00,42969039542
2025-10-11 00:00:00,38212838691
2025-10-12 00:00:00,38769704568
2025-10-13 00:00:00,41107889975
2025-10-14 00:00:00,41787792323
2025-10-15 00:00:00,40899079068
2025-10-16 00:00:00,38658234131
2025-10-17 00:00:00,37923810706
2025-10-18 00:00:00,37062962133
2025-10-19 00:00:00,38946215179
2025-10-20 00:00:00,37639815505
2025-10-21 00:00:00,39269888928
2025-10-22 00:00:00,37173745828
2025-10-23 00:00:00,35660585288
2025-10-24 00:00:00,36094662652
2025-10-25 00:00:00,36980984711
2025-10-26 00:00:00,37247198914
2025-10-27 00:00:00,38912794142
2025-10-28 00:00:00,39101918832
2025-10-29 00:00:00,38076998868
2025-10-30 00:00:00,37240395809
2025-10-31 00:00:00,36604726580
2025-11-01 00:00:00,36680879342
2025-11-02 00:00:00,36653646800
2025-11-03 00:00:00,36877472043
2025-11-04 00:00:00,34522227812
2025-11-05 00:00:00,31290889972
2025-11-06 00:00:00,31089685136
2025-11-07 00:00:00,30257292601
2025-11-08 00:00:00,30959924402
2025-11-09 00:00:00,30448234453
2025-11-10 00:00:00,31553944921
2025-11-11 00:00:00,32308544955
2025-11-12 00:00:00,31564881195
2025-11-13 00:00:00,31848109462
2025-11-14 00:00:00,32237966170
2025-11-15 00:00:00,31619319058
2025-11-16 00:00:00,31420051179
2025-11-17 00:00:00,29785571048
2025-11-18 00:00:00,29545467137
2025-11-19 00:00:00,30850803371
2025-11-20 00:00:00,30232574659
2025-11-21 00:00:00,29628857370
2025-11-22 00:00:00,29049573895
2025-11-23 00:00:00,27645322785
2025-11-24 00:00:00,29042106093
2025-11-25 00:00:00,30089488865
2025-11-26 00:00:00,30367206746
2025-11-27 00:00:00,30769096761
2025-11-28 00:00:00,30833317625
2025-11-29 00:00:00,30908647673
2025-11-30 00:00:00,30342705447
2025-12-01 00:00:00,30263664841
2025-12-02 00:00:00,29042655849
2025-12-03 00:00:00,29729218959
2025-12-04 00:00:00,31101329886
2025-12-05 00:00:00,30777646928
2025-12-06 00:00:00,31035927975
2025-12-07 00:00:00,31076698096
2025-12-08 00:00:00,31199329231
2025-12-09 00:00:00,30782142595
2025-12-10 00:00:00,31983147315
2025-12-11 00:00:00,31562725101
2025-12-12 00:00:00,31371494568
2025-12-13 00:00:00,30416035022
2025-12-14 00:00:00,30693387546
2025-12-15 00:00:00,31330545729
2025-12-16 00:00:00,30421536004
2025-12-17 00:00:00,30981875893
2025-12-18 00:00:00,30095459789
2025-12-19 00:00:00,30213550276
2025-12-20 00:00:00,31123785190
2025-12-21 00:00:00,31305609334
2025-12-22 00:00:00,31625521936
2025-12-23 00:00:00,31298047702
2025-12-24 00:00:00,30976904743
2025-12-25 00:00:00,30897644994
2025-12-26 00:00:00,30589444467
2025-12-27 00:00:00,30693211142
2025-12-28 00:00:00,30934146768
2025-12-29 00:00:00,30999240192
2025-12-30 00:00:00,30192694583
2025-12-31 00:00:00,29894738038
2026-01-01 00:00:00,30480485247
2026-01-02 00:00:00,31194396445
2026-01-03 00:00:00,31334971235
2026-01-04 00:00:00,32500207020
2026-01-05 00:00:00,32648276897
2026-01-06 00:00:00,33179606086
2026-01-07 00:00:00,33393009262
2026-01-08 00:00:00,32309791493
2026-01-09 00:00:00,31126107332
2026-01-10 00:00:00,31136231011
2026-01-11 00:00:00,31809702306
2026-01-12 00:00:00,32033682029
2026-01-13 00:00:00,31099174419
2026-01-14 00:00:00,33731432224
2026-01-15 00:00:00,34789100740
2026-01-16 00:00:00,34726575983
2026-01-17 00:00:00,34647432766
2026-01-18 00:00:00,34821783151
2026-01-19 00:00:00,34275023279
2026-01-20 00:00:00,34351418111
2026-01-21 00:00:00,31589714090
2026-01-22 00:00:00,32128163033
2026-01-23 00:00:00,31850254836
2026-01-24 00:00:00,31925514620
2026-01-25 00:00:00,32684475658
2026-01-26 00:00:00,31693594619
2026-01-27 00:00:00,32762802525
2026-01-28 00:00:00,33363832645
2026-01-29 00:00:00,33306105498
2026-01-30 00:00:00,31542645779
2026-01-31 00:00:00,30750557938
2026-02-01 00:00:00,28981321194
2026-02-02 00:00:00,27888631665
2026-02-03 00:00:00,28782997487
2026-02-04 00:00:00,28295929600
2026-02-05 00:00:00,27793045242
2026-02-06 00:00:00,25295084480
2026-02-07 00:00:00,26345987190
2026-02-08 00:00:00,27040833048
2026-02-09 00:00:00,27434512420
2026-02-10 00:00:00,27327821517
2026-02-11 00:00:00,26731309103
2026-02-12 00:00:00,26135325607
2026-02-13 00:00:00,26061154055
2026-02-14 00:00:00,26607365086
2026-02-15 00:00:00,26566995928
2026-02-16 00:00:00,26004031535
2026-02-17 00:00:00,26062742416
2026-02-18 00:00:00,25939652245
2026-02-19 00:00:00,24259216928
2026-02-20 00:00:00,24401882303
2026-02-21 00:00:00,23962531476
2026-02-22 00:00:00,23887081649
2026-02-23 00:00:00,24424606214
2026-02-24 00:00:00,23494076596
2026-02-25 00:00:00,23502000538
2026-02-26 00:00:00,24905398607
2026-02-27 00:00:00,24583413978
2026-02-28 00:00:00,23881448779
2026-03-01 00:00:00,24145628463
2026-03-02 00:00:00,23966848054
2026-03-03 00:00:00,24673002644
2026-03-04 00:00:00,24255711017
2026-03-05 00:00:00,25406273895
2026-03-06 00:00:00,24561896071
2026-03-07 00:00:00,23759110915
2026-03-08 00:00:00,23959836992
2026-03-09 00:00:00,23678520206
2026-03-10 00:00:00,24173019973
2026-03-11 00:00:00,24591218736
2026-03-12 00:00:00,24730031496
2026-03-13 00:00:00,25042451823
2026-03-14 00:00:00,25060411478
2026-03-15 00:00:00,25004070925
2026-03-16 00:00:00,25489123381
2026-03-17 00:00:00,26440235488
2026-03-18 00:00:00,26203197958
2026-03-19 00:00:00,24388019527
2026-03-20 00:00:00,23841839401
2026-03-21 00:00:00,24714343269
2026-03-22 00:00:00,24655337922
2026-03-23 00:00:00,24453681171
2026-03-24 00:00:00,25038891394
2026-03-25 00:00:00,25101019701
2026-03-26 00:00:00,24629528945
2026-03-27 00:00:00,24074712181
2026-03-28 00:00:00,23371979009
2026-03-29 00:00:00,23420283054
2026-03-30 00:00:00,23397931303
2026-03-31 00:00:00,23098676700
2026-04-01 00:00:00,23889789145
2026-04-02 00:00:00,23899048384
2026-04-03 00:00:00,23400500744
2026-04-04 00:00:00,23580912600
2026-04-05 00:00:00,23753590202
2026-04-06 00:00:00,24183560005
2026-04-07 00:00:00,23816813244
2026-04-08 00:00:00,24861893641
2026-04-09 00:00:00,24401814405
2026-04-10 00:00:00,24720470497
2026-04-11 00:00:00,25155831559
2026-04-12 00:00:00,25423868986
2026-04-13 00:00:00,24788826942
2026-04-14 00:00:00,26052499197
2026-04-15 00:00:00,25902178000
2026-04-16 00:00:00,25943212533
2026-04-17 00:00:00,25668368036
2026-04-18 00:00:00,25953969005
2026-04-19 00:00:00,21538038790
2026-04-20 00:00:00,17535923858
2026-04-21 00:00:00,16129080792
2026-04-22 00:00:00,15168020210
2026-04-23 00:00:00,14819674079
2026-04-24 00:00:00,13851761468
2026-04-25 00:00:00,13812305742
2026-04-26 00:00:00,13731926923
2026-04-27 00:00:00,14063907064
2026-04-28 00:00:00,13722326348
2026-04-29 00:00:00,13654832169
2026-04-30 00:00:00,13588056271
2026-05-01 00:00:00,13599722206
2026-05-02 00:00:00,14010365717
2026-05-03 00:00:00,14039005960
2026-05-04 00:00:00,14010100061
2026-05-05 00:00:00,14168905344
2026-05-06 00:00:00,14151678647
2026-05-07 00:00:00,14049134659
2026-05-08 00:00:00,13773234050
2026-05-09 00:00:00,14153706482
2026-05-10 00:00:00,14336477845
2026-05-11 00:00:00,14578244918
2026-05-12 00:00:00,14431706252
2026-05-13 00:00:00,14187030946
2026-05-14 00:00:00,14088645960
2026-05-15 00:00:00,14116708178
2026-05-16 00:00:00,13849150241
2026-05-17 00:00:00,13682415329
2026-05-18 00:00:00,13513009486
2026-05-19 00:00:00,13396778824
2026-05-20 00:00:00,13356889880
2026-05-21 00:00:00,13430516663
2026-05-22 00:00:00,13641921381
2026-05-23 00:00:00,13421830678
2026-05-24 00:00:00,13774089048
2026-05-25 00:00:00,13750611881
2026-05-26 00:00:00,13767329264
2026-05-27 00:00:00,13471490728
2026-05-28 00:00:00,13381381169
2026-05-29 00:00:00,13210325630
2026-05-30 00:00:00,13129204752
2026-05-31 00:00:00,13326197278
2026-06-01 00:00:00,13321699811
2026-06-02 00:00:00,13177806662
2026-06-03 00:00:00,12344846361
2026-06-04 00:00:00,12038657448
2026-06-05 00:00:00,12077282404
2026-06-06 00:00:00,11472366264
2026-06-07 00:00:00,11345083647
2026-06-08 00:00:00,11939503887
2026-06-09 00:00:00,11896541183
2026-06-10 00:00:00,11557464731
2026-06-11 00:00:00,11418337368
2026-06-12 00:00:00,11621020940
2026-06-13 00:00:00,11766097241
2026-06-14 00:00:00,11883145443
2026-06-15 00:00:00,12159586869
2026-06-16 00:00:00,12422853077
2026-06-17 00:00:00,12639902565
2026-06-18 00:00:00,12420429472
2026-06-19 00:00:00,12273544858
2026-06-20 00:00:00,12336176030
2026-06-21 00:00:00,12529365080
2026-06-22 00:00:00,12368377021
2026-06-23 00:00:00,12455770819
2026-06-24 00:00:00,12182009751
2026-06-25 00:00:00,11885108893
2026-06-26 00:00:00,11651983029
2026-06-27 00:00:00,11847850361
2026-06-28 00:00:00,11883373469
2026-06-29 00:00:00,11827138515
2026-06-30 00:00:00,11912740759
2026-07-01 00:00:00,11630760830
2026-07-02 00:00:00,11942024292
2026-07-03 00:00:00,12459901719
2026-07-04 00:00:00,12737062453
2026-07-05 00:00:00,12859246586
2026-07-06 00:00:00,12889768625
2026-07-07 00:00:00,12969378334
2026-07-08 00:00:00,12670198016
2026-07-09 00:00:00,12478269167
2026-07-10 00:00:00,12321253953
2026-07-11 00:00:00,13185275808
2026-07-12 00:00:00,13147800450
2026-07-13 00:00:00,13287682474
2026-07-14 00:00:00,13027248955
2026-07-15 00:00:00,13714730444
2026-07-16 00:00:00,13783143266
2026-07-17 00:00:00,13539619268
2026-07-18 00:00:00,13595927091
2026-07-19 00:00:00,13713971517
2026-07-20 00:00:00,13766303180
2026-07-21 00:00:00,13977387712
2026-07-22 00:00:00,14082407515
2026-07-23 00:00:00,13993153663
2026-07-24 00:00:00,13721045667
2026-07-25 00:00:00,13621943345
2026-07-26 00:00:00,13748211319
2026-07-27 00:00:00,14114216048
2026-07-28 00:00:00,13787613756
2026-07-29 00:00:00,13915081900
2026-07-30 00:00:00,13887154623
2026-07-31 00:00:00,14010165649
2026-08-01 00:00:00,13698065666
2026-08-02 00:00:00,13700651919
2026-08-03 00:00:00,13901445557
2026-08-04 00:00:00,13860540560
2026-08-05 00:00:00,13990245511
2026-08-06 00:00:00,14157887277
2026-08-07 00:00:00,14106890223
2026-08-08 00:00:00,14195463509
2026-08-09 00:00:00,14267853685
2026-08-10 00:00:00,14231487581
2026-08-11 00:00:00,14034380015
2026-08-12 00:00:00,13846630603
2026-08-13 00:00:00,14119483142
2026-08-14 00:00:00,13951557990
2026-08-15 00:00:00,14102786188
2026-08-16 00:00:00,14150902004
2026-08-17 00:00:00,14115867850
2026-08-18 00:00:00,14366175274
2026-08-19 00:00:00,14429234952
2026-08-20 00:00:00,16006955395
2026-08-21 00:00:00,16465896829
2026-08-22 00:00:00,17241003043
2026-08-23 00:00:00,16959761662
2026-08-24 00:00:00,17119340509
2026-08-25 00:00:00,17212211194
2026-08-26 00:00:00,17069194521
2026-08-27 00:00:00,17399215751
2026-08-28 00:00:00,17590119909
2026-08-29 00:00:00,17130458867
2026-08-30 00:00:00,17254278318
2026-08-31 00:00:00,16992467497
2026-09-01 00:00:00,17456873180
2026-09-02 00:00:00,17049450449
2026-09-03 00:00:00,16902647165
2026-09-04 00:00:00,17678562864
2026-09-05 00:00:00,17251165193
2026-09-06 00:00:00,17550106129
2026-09-07 00:00:00,17711558765
2026-09-08 00:00:00,17507710912
2026-09-09 00:00:00,17553810164
2026-09-10 00:00:00,17195152821
2026-09-11 00:00:00,17018243995
2026-09-12 00:00:00,17499054485
2026-09-13 00:00:00,17539990140
2026-09-14 00:00:00,17295031451
2026-09-15 00:00:00,17480411572
2026-09-16 00:00:00,16764723183
2026-09-17 00:00:00,16900958633
2026-09-18 00:00:00,16814552660
2026-09-19 00:00:00,17766057568
2026-09-20 00:00:00,18055532814
2026-09-21 00:00:00,18360480789
2026-09-22 00:00:00,18849983166
2026-09-23 00:00:00,18703512638
2026-09-24 00:00:00,18275523264
2026-09-25 00:00:00,18288450524
2026-09-26 00:00:00,18268955243
2026-09-27 00:00:00,18216188545
2026-09-28 00:00:00,18222835457
2026-09-29 00:00:00,18154537496
2026-09-30 00:00:00,18021697357
2026-10-01 00:00:00,18133769044
2026-10-02 00:00:00,18102001805
2026-10-03 00:00:00,18052892474
2026-10-04 00:00:00,18054192750
2026-10-04 16:45:59,18280731901
