date,fees_usd
2020-12-04,131.0
2020-12-05,334.0
2020-12-06,600.0
2020-12-07,1328.0
2020-12-08,1490.0
2020-12-09,1419.0
2020-12-10,1503.0
2020-12-11,1031.0
2020-12-12,1514.0
2020-12-13,1675.0
2020-12-14,2182.0
2020-12-15,4299.0
2020-12-16,3815.0
2020-12-17,7901.0
2020-12-18,4346.0
2020-12-19,4345.0
2020-12-20,5921.0
2020-12-21,6241.0
2020-12-22,4696.0
2020-12-23,5951.0
2020-12-24,7949.0
2020-12-25,7676.0
2020-12-26,6492.0
2020-12-27,6149.0
2020-12-28,8310.0
2020-12-29,4875.0
2020-12-30,34668.0
2020-12-31,40281.0
2021-01-01,63497.0
2021-01-02,73360.0
2021-01-03,78668.0
2021-01-04,20030.0
2021-01-05,11054.0
2021-01-06,31746.0
2021-01-07,24619.0
2021-01-08,28668.0
2021-01-09,23746.0
2021-01-10,21999.0
2021-01-11,23891.0
2021-01-12,18945.0
2021-01-13,21355.0
2021-01-14,35587.0
2021-01-15,31930.0
2021-01-16,30254.0
2021-01-17,42924.0
2021-01-18,35570.0
2021-01-19,46459.0
2021-01-20,40136.0
2021-01-21,49060.0
2021-01-22,44670.0
2021-01-23,45303.0
2021-01-24,57184.0
2021-01-25,53871.0
2021-01-26,40194.0
2021-01-27,44916.0
2021-01-28,42759.0
2021-01-29,54614.0
2021-01-30,59611.0
2021-01-31,66270.0
2021-02-01,50532.0
2021-02-02,96988.0
2021-02-03,114755.0
2021-02-04,1717437.0
2021-02-05,97713.0
2021-02-06,78780.0
2021-02-07,60370.0
2021-02-08,119643.0
2021-02-09,162811.0
2021-02-10,167605.0
2021-02-11,161995.0
2021-02-12,119016.0
2021-02-13,113615.0
2021-02-14,114970.0
2021-02-15,144696.0
2021-02-16,157731.0
2021-02-17,146464.0
2021-02-18,166484.0
2021-02-19,144738.0
2021-02-20,134924.0
2021-02-21,128541.0
2021-02-22,123361.0
2021-02-23,100294.0
2021-02-24,122454.0
2021-02-25,140591.0
2021-02-26,90744.0
2021-02-27,89385.0
2021-02-28,90511.0
2021-03-01,104104.0
2021-03-02,98536.0
2021-03-03,123450.0
2021-03-04,126002.0
2021-03-05,98533.0
2021-03-06,99995.0
2021-03-07,271934.0
2021-03-08,223995.0
2021-03-09,218174.0
2021-03-10,279590.0
2021-03-11,275333.0
2021-03-12,161320.0
2021-03-13,142333.0
2021-03-14,172278.0
2021-03-15,169295.0
2021-03-16,177475.0
2021-03-17,212085.0
2021-03-18,255657.0
2021-03-19,162137.0
2021-03-20,163090.0
2021-03-21,149607.0
2021-03-22,147445.0
2021-03-23,135064.0
2021-03-24,156491.0
2021-03-25,128657.0
2021-03-26,132281.0
2021-03-27,157353.0
2021-03-28,149591.0
2021-03-29,137141.0
2021-03-30,155982.0
2021-03-31,212663.0
2021-04-01,212119.0
2021-04-02,216219.0
2021-04-03,285130.0
2021-04-04,291966.0
2021-04-05,249336.0
2021-04-06,209919.0
2021-04-07,200051.0
2021-04-08,178691.0
2021-04-09,170096.0
2021-04-10,228174.0
2021-04-11,244944.0
2021-04-12,216533.0
2021-04-13,216497.0
2021-04-14,268540.0
2021-04-15,338553.0
2021-04-16,314739.0
2021-04-17,253361.0
2021-04-18,247594.0
2021-04-19,216819.0
2021-04-20,189145.0
2021-04-21,195214.0
2021-04-22,234308.0
2021-04-23,182090.0
2021-04-24,165842.0
2021-04-25,210811.0
2021-04-26,260445.0
2021-04-27,359964.0
2021-04-28,469462.0
2021-04-29,492926.0
2021-04-30,623051.0
2021-05-01,711677.0
2021-05-02,632888.0
2021-05-03,1339460.0
2021-05-04,1049164.0
2021-05-05,906724.0
2021-05-06,1162793.0
2021-05-07,1433025.0
2021-05-08,1301418.0
2021-05-09,944078.0
2021-05-10,1337096.0
2021-05-11,1312793.0
2021-05-12,1587347.0
2021-05-13,1286641.0
2021-05-14,1234195.0
2021-05-15,1258386.0
2021-05-16,861660.0
2021-05-17,845878.0
2021-05-18,726267.0
2021-05-19,1285551.0
2021-05-20,934451.0
2021-05-21,605212.0
2021-05-22,463855.0
2021-05-23,576721.0
2021-05-24,417635.0
2021-05-25,481108.0
2021-05-26,390175.0
2021-05-27,461432.0
2021-05-28,442567.0
2021-05-29,520426.0
2021-05-30,441259.0
2021-05-31,505503.0
2021-06-01,490077.0
2021-06-02,501857.0
2021-06-03,502540.0
2021-06-04,698940.0
2021-06-05,506961.0
2021-06-06,509162.0
2021-06-07,520025.0
2021-06-08,522739.0
2021-06-09,534409.0
2021-06-10,519797.0
2021-06-11,544883.0
2021-06-12,534002.0
2021-06-13,539709.0
2021-06-14,541236.0
2021-06-15,592661.0
2021-06-16,561025.0
2021-06-17,565327.0
2021-06-18,520986.0
2021-06-19,509451.0
2021-06-20,515931.0
2021-06-21,508794.0
2021-06-22,489959.0
2021-06-23,478701.0
2021-06-24,484842.0
2021-06-25,476453.0
2021-06-26,462011.0
2021-06-27,584837.0
2021-06-28,458370.0
2021-06-29,463009.0
2021-06-30,491142.0
2021-07-01,480138.0
2021-07-02,474645.0
2021-07-03,470957.0
2021-07-04,464152.0
2021-07-05,540656.0
2021-07-06,436270.0
2021-07-07,437830.0
2021-07-08,442297.0
2021-07-09,438741.0
2021-07-10,439910.0
2021-07-11,448244.0
2021-07-12,441595.0
2021-07-13,453322.0
2021-07-14,476463.0
2021-07-15,429804.0
2021-07-16,447246.0
2021-07-17,549174.0
2021-07-18,598357.0
2021-07-19,557338.0
2021-07-20,579053.0
2021-07-21,530803.0
2021-07-22,541198.0
2021-07-23,550595.0
2021-07-24,555971.0
2021-07-25,556257.0
2021-07-26,561524.0
2021-07-27,574755.0
2021-07-28,571275.0
2021-07-29,591581.0
2021-07-30,595750.0
2021-07-31,640398.0
2021-08-01,679646.0
2021-08-02,696137.0
2021-08-03,800909.0
2021-08-04,624518.0
2021-08-05,635290.0
2021-08-06,637130.0
2021-08-07,661221.0
2021-08-08,697765.0
2021-08-09,704855.0
2021-08-10,772644.0
2021-08-11,984318.0
2021-08-12,729561.0
2021-08-13,1146702.0
2021-08-14,1048734.0
2021-08-15,812456.0
2021-08-16,847591.0
2021-08-17,888198.0
2021-08-18,794603.0
2021-08-19,810712.0
2021-08-20,1004283.0
2021-08-21,1429040.0
2021-08-22,1668664.0
2021-08-23,1719070.0
2021-08-24,1121181.0
2021-08-25,1146283.0
2021-08-26,978023.0
2021-08-27,971567.0
2021-08-28,1160252.0
2021-08-29,1309360.0
2021-08-30,1470524.0
2021-08-31,1575998.0
2021-09-01,1359659.0
2021-09-02,1652805.0
2021-09-03,1644924.0
2021-09-04,1395245.0
2021-09-05,1273473.0
2021-09-06,1950976.0
2021-09-07,2062055.0
2021-09-08,1015726.0
2021-09-09,1268776.0
2021-09-10,1285956.0
2021-09-11,1160438.0
2021-09-12,1322155.0
2021-09-13,1520646.0
2021-09-14,1132827.0
2021-09-15,907126.0
2021-09-16,1436830.0
2021-09-17,1414166.0
2021-09-18,1164952.0
2021-09-19,1156718.0
2021-09-20,1146170.0
2021-09-21,1098341.0
2021-09-22,1090275.0
2021-09-23,1456856.0
2021-09-24,1435313.0
2021-09-25,1151153.0
2021-09-26,1175473.0
2021-09-27,1340275.0
2021-09-28,1262704.0
2021-09-29,968707.0
2021-09-30,1119708.0
2021-10-01,1109916.0
2021-10-02,1238782.0
2021-10-03,1195694.0
2021-10-04,1151528.0
2021-10-05,1422226.0
2021-10-06,1441010.0
2021-10-07,1646232.0
2021-10-08,1185225.0
2021-10-09,1032610.0
2021-10-10,1130787.0
2021-10-11,1316707.0
2021-10-12,1445373.0
2021-10-13,1413263.0
2021-10-14,1748513.0
2021-10-15,2197208.0
2021-10-16,1534448.0
2021-10-17,1414420.0
2021-10-18,1673455.0
2021-10-19,1663177.0
2021-10-20,1457885.0
2021-10-21,1693385.0
2021-10-22,1383803.0
2021-10-23,1037390.0
2021-10-24,1241250.0
2021-10-25,1427753.0
2021-10-26,1576745.0
2021-10-27,3508180.0
2021-10-28,1545065.0
2021-10-29,3787872.0
2021-10-30,1692655.0
2021-10-31,2882312.0
2021-11-01,1525006.0
2021-11-02,1184153.0
2021-11-03,1379008.0
2021-11-04,1335637.0
2021-11-05,1334324.0
2021-11-06,1344367.0
2021-11-07,1433271.0
2021-11-08,1599571.0
2021-11-09,1523762.0
2021-11-10,1456085.0
2021-11-11,816814.0
2021-11-12,952001.0
2021-11-13,1001771.0
2021-11-14,810752.0
2021-11-15,742380.0
2021-11-16,782858.0
2021-11-17,708805.0
2021-11-18,698719.0
2021-11-19,711058.0
2021-11-20,660533.0
2021-11-21,692973.0
2021-11-22,705716.0
2021-11-23,726908.0
2021-11-24,924503.0
2021-11-25,1058088.0
2021-11-26,1027294.0
2021-11-27,952572.0
2021-11-28,866111.0
2021-11-29,907179.0
2021-11-30,1121535.0
2021-12-01,1193392.0
2021-12-02,1289737.0
2021-12-03,1223914.0
2021-12-04,847615.0
2021-12-05,668380.0
2021-12-06,694628.0
2021-12-07,782118.0
2021-12-08,779840.0
2021-12-09,676798.0
2021-12-10,675764.0
2021-12-11,644637.0
2021-12-12,636533.0
2021-12-13,667760.0
2021-12-14,633462.0
2021-12-15,634245.0
2021-12-16,640371.0
2021-12-17,632435.0
2021-12-18,656723.0
2021-12-19,634108.0
2021-12-20,642649.0
2021-12-21,629049.0
2021-12-22,644045.0
2021-12-23,681799.0
2021-12-24,750352.0
2021-12-25,938351.0
2021-12-26,758702.0
2021-12-27,661851.0
2021-12-28,700860.0
2021-12-29,682743.0
2021-12-30,670935.0
2021-12-31,682705.0
2022-01-01,680342.0
2022-01-02,690300.0
2022-01-03,719737.0
2022-01-04,683596.0
2022-01-05,703530.0
2022-01-06,652953.0
2022-01-07,670867.0
2022-01-08,644280.0
2022-01-09,620895.0
2022-01-10,631460.0
2022-01-11,709715.0
2022-01-12,682568.0
2022-01-13,649306.0
2022-01-14,717527.0
2022-01-15,815840.0
2022-01-16,706932.0
2022-01-17,735290.0
2022-01-18,784572.0
2022-01-19,687230.0
2022-01-20,745827.0
2022-01-21,713731.0
2022-01-22,525833.0
2022-01-23,412270.0
2022-01-24,475348.0
2022-01-25,417786.0
2022-01-26,425576.0
2022-01-27,482704.0
2022-01-28,494373.0
2022-01-29,545592.0
2022-01-30,503177.0
2022-01-31,509695.0
2022-02-01,504137.0
2022-02-02,483424.0
2022-02-03,504103.0
2022-02-04,514731.0
2022-02-05,591933.0
2022-02-06,549892.0
2022-02-07,498276.0
2022-02-08,491038.0
2022-02-09,488796.0
2022-02-10,493475.0
2022-02-11,537448.0
2022-02-12,496500.0
2022-02-13,521944.0
2022-02-14,532810.0
2022-02-15,526255.0
2022-02-16,525554.0
2022-02-17,525829.0
2022-02-18,499144.0
2022-02-19,519243.0
2022-02-20,532730.0
2022-02-21,516041.0
2022-02-22,431418.0
2022-02-23,423286.0
2022-02-24,466301.0
2022-02-25,428967.0
2022-02-26,390443.0
2022-02-27,386807.0
2022-02-28,390078.0
2022-03-01,426692.0
2022-03-02,438919.0
2022-03-03,426425.0
2022-03-04,437317.0
2022-03-05,464695.0
2022-03-06,429986.0
2022-03-07,414179.0
2022-03-08,411360.0
2022-03-09,439724.0
2022-03-10,400365.0
2022-03-11,402748.0
2022-03-12,408713.0
2022-03-13,405800.0
2022-03-14,395294.0
2022-03-15,430006.0
2022-03-16,428149.0
2022-03-17,414422.0
2022-03-18,449415.0
2022-03-19,429529.0
2022-03-20,421060.0
2022-03-21,449484.0
2022-03-22,468248.0
2022-03-23,514198.0
2022-03-24,543329.0
2022-03-25,538342.0
2022-03-26,569518.0
2022-03-27,542197.0
2022-03-28,627327.0
2022-03-29,634689.0
2022-03-30,609557.0
2022-03-31,588833.0
2022-04-01,596010.0
2022-04-02,602825.0
2022-04-03,594553.0
2022-04-04,596771.0
2022-04-05,566233.0
2022-04-06,583304.0
2022-04-07,565673.0
2022-04-08,593380.0
2022-04-09,581082.0
2022-04-10,614258.0
2022-04-11,606187.0
2022-04-12,597438.0
2022-04-13,620803.0
2022-04-14,607012.0
2022-04-15,587713.0
2022-04-16,622381.0
2022-04-17,1579523.0
2022-04-18,614847.0
2022-04-19,622880.0
2022-04-20,595588.0
2022-04-21,735704.0
2022-04-22,814671.0
2022-04-23,819429.0
2022-04-24,805895.0
2022-04-25,711349.0
2022-04-26,788544.0
2022-04-27,734044.0
2022-04-28,790591.0
2022-04-29,747761.0
2022-04-30,702223.0
2022-05-01,679723.0
2022-05-02,687583.0
2022-05-03,678443.0
2022-05-04,692751.0
2022-05-05,669807.0
2022-05-06,700302.0
2022-05-07,676082.0
2022-05-08,709116.0
2022-05-09,602108.0
2022-05-10,530937.0
2022-05-11,722195.0
2022-05-12,637425.0
2022-05-13,442792.0
2022-05-14,439749.0
2022-05-15,434813.0
2022-05-16,410921.0
2022-05-17,388177.0
2022-05-18,360794.0
2022-05-19,386858.0
2022-05-20,419293.0
2022-05-21,425336.0
2022-05-22,384369.0
2022-05-23,350554.0
2022-05-24,330568.0
2022-05-25,340848.0
2022-05-26,353466.0
2022-05-27,285519.0
2022-05-28,272349.0
2022-05-29,272705.0
2022-05-30,297417.0
2022-05-31,287835.0
2022-06-01,336530.0
2022-06-02,385907.0
2022-06-03,425846.0
2022-06-04,460175.0
2022-06-05,463364.0
2022-06-06,478583.0
2022-06-07,493499.0
2022-06-08,474064.0
2022-06-09,511011.0
2022-06-10,508042.0
2022-06-11,478679.0
2022-06-12,505012.0
2022-06-13,632387.0
2022-06-14,406830.0
2022-06-15,353711.0
2022-06-16,815840.0
2022-06-17,322178.0
2022-06-18,344039.0
2022-06-19,320080.0
2022-06-20,316061.0
2022-06-21,296766.0
2022-06-22,292065.0
2022-06-23,287043.0
2022-06-24,268276.0
2022-06-25,277792.0
2022-06-26,283331.0
2022-06-27,277025.0
2022-06-28,294269.0
2022-06-29,297738.0
2022-06-30,302764.0
2022-07-01,270373.0
2022-07-02,294419.0
2022-07-03,263061.0
2022-07-04,262679.0
2022-07-05,276936.0
2022-07-06,235760.0
2022-07-07,225163.0
2022-07-08,264368.0
2022-07-09,247485.0
2022-07-10,228585.0
2022-07-11,219437.0
2022-07-12,226809.0
2022-07-13,226127.0
2022-07-14,232276.0
2022-07-15,228246.0
2022-07-16,218923.0
2022-07-17,234617.0
2022-07-18,255048.0
2022-07-19,265818.0
2022-07-20,287462.0
2022-07-21,280546.0
2022-07-22,249415.0
2022-07-23,220760.0
2022-07-24,236249.0
2022-07-25,227065.0
2022-07-26,213078.0
2022-07-27,212526.0
2022-07-28,232361.0
2022-07-29,246912.0
2022-07-30,308098.0
2022-07-31,274748.0
2022-08-01,293200.0
2022-08-02,246713.0
2022-08-03,267740.0
2022-08-04,245429.0
2022-08-05,267161.0
2022-08-06,311500.0
2022-08-07,309111.0
2022-08-08,338716.0
2022-08-09,332552.0
2022-08-10,347716.0
2022-08-11,389140.0
2022-08-12,400921.0
2022-08-13,434379.0
2022-08-14,406291.0
2022-08-15,444548.0
2022-08-16,438563.0
2022-08-17,390005.0
2022-08-18,382177.0
2022-08-19,402587.0
2022-08-20,256809.0
2022-08-21,259952.0
2022-08-22,256402.0
2022-08-23,263787.0
2022-08-24,266437.0
2022-08-25,274290.0
2022-08-26,257445.0
2022-08-27,257477.0
2022-08-28,256259.0
2022-08-29,329178.0
2022-08-30,253296.0
2022-08-31,281770.0
2022-09-01,325736.0
2022-09-02,304701.0
2022-09-03,270344.0
2022-09-04,265593.0
2022-09-05,306423.0
2022-09-06,564496.0
2022-09-07,380433.0
2022-09-08,360314.0
2022-09-09,323783.0
2022-09-10,364725.0
2022-09-11,507232.0
2022-09-12,623915.0
2022-09-13,682584.0
2022-09-14,1297449.0
2022-09-15,629223.0
2022-09-16,143604.0
2022-09-17,151102.0
2022-09-18,146174.0
2022-09-19,169830.0
2022-09-20,168183.0
2022-09-21,177769.0
2022-09-22,176508.0
2022-09-23,162476.0
2022-09-24,167386.0
2022-09-25,159738.0
2022-09-26,160742.0
2022-09-27,163769.0
2022-09-28,154918.0
2022-09-29,146089.0
2022-09-30,149918.0
2022-10-01,138642.0
2022-10-02,141605.0
2022-10-03,146705.0
2022-10-04,158215.0
2022-10-05,161362.0
2022-10-06,159000.0
2022-10-07,156293.0
2022-10-08,146856.0
2022-10-09,147697.0
2022-10-10,151936.0
2022-10-11,154940.0
2022-10-12,158044.0
2022-10-13,159759.0
2022-10-14,155139.0
2022-10-15,155799.0
2022-10-16,147393.0
2022-10-17,159240.0
2022-10-18,160493.0
2022-10-19,153643.0
2022-10-20,147080.0
2022-10-21,143855.0
2022-10-22,150889.0
2022-10-23,161875.0
2022-10-24,148389.0
2022-10-25,161131.0
2022-10-26,166292.0
2022-10-27,160499.0
2022-10-28,164945.0
2022-10-29,169576.0
2022-10-30,166739.0
2022-10-31,175516.0
2022-11-01,178066.0
2022-11-02,173462.0
2022-11-03,169446.0
2022-11-04,202675.0
2022-11-05,188101.0
2022-11-06,191652.0
2022-11-07,190072.0
2022-11-08,202731.0
2022-11-09,259115.0
2022-11-10,295080.0
2022-11-11,206989.0
2022-11-12,220337.0
2022-11-13,167416.0
2022-11-14,184128.0
2022-11-15,152817.0
2022-11-16,160196.0
2022-11-17,179596.0
2022-11-18,152545.0
2022-11-19,155799.0
2022-11-20,183443.0
2022-11-21,173636.0
2022-11-22,387236.0
2022-11-23,225043.0
2022-11-24,183480.0
2022-11-25,208972.0
2022-11-26,168560.0
2022-11-27,147499.0
2022-11-28,149031.0
2022-11-29,139244.0
2022-11-30,147847.0
2022-12-01,141758.0
2022-12-02,196445.0
2022-12-03,134707.0
2022-12-04,134565.0
2022-12-05,141499.0
2022-12-06,145229.0
2022-12-07,141529.0
2022-12-08,149138.0
2022-12-09,139151.0
2022-12-10,139878.0
2022-12-11,143492.0
2022-12-12,147087.0
2022-12-13,145874.0
2022-12-14,142887.0
2022-12-15,143633.0
2022-12-16,158332.0
2022-12-17,141271.0
2022-12-18,146572.0
2022-12-19,159308.0
2022-12-20,155846.0
2022-12-21,157339.0
2022-12-22,150560.0
2022-12-23,147854.0
2022-12-24,150029.0
2022-12-25,144270.0
2022-12-26,146897.0
2022-12-27,144892.0
2022-12-28,145131.0
2022-12-29,141690.0
2022-12-30,139089.0
2022-12-31,140822.0
2023-01-01,139345.0
2023-01-02,139592.0
2023-01-03,142247.0
2023-01-04,145249.0
2023-01-05,141768.0
2023-01-06,147263.0
2023-01-07,142498.0
2023-01-08,140437.0
2023-01-09,145264.0
2023-01-10,149221.0
2023-01-11,144450.0
2023-01-12,156595.0
2023-01-13,151961.0
2023-01-14,161587.0
2023-01-15,186666.0
2023-01-16,163670.0
2023-01-17,162829.0
2023-01-18,168327.0
2023-01-19,168073.0
2023-01-20,168674.0
2023-01-21,165728.0
2023-01-22,168925.0
2023-01-23,173731.0
2023-01-24,167768.0
2023-01-25,170932.0
2023-01-26,165983.0
2023-01-27,169757.0
2023-01-28,169304.0
2023-01-29,165191.0
2023-01-30,171853.0
2023-01-31,167118.0
2023-02-01,183915.0
2023-02-02,218149.0
2023-02-03,176582.0
2023-02-04,178553.0
2023-02-05,185648.0
2023-02-06,193874.0
2023-02-07,183833.0
2023-02-08,185880.0
2023-02-09,189828.0
2023-02-10,177868.0
2023-02-11,168690.0
2023-02-12,170764.0
2023-02-13,179620.0
2023-02-14,187265.0
2023-02-15,194131.0
2023-02-16,228861.0
2023-02-17,181238.0
2023-02-18,185521.0
2023-02-19,183567.0
2023-02-20,182154.0
2023-02-21,187509.0
2023-02-22,186105.0
2023-02-23,186024.0
2023-02-24,194916.0
2023-02-25,185960.0
2023-02-26,181699.0
2023-02-27,178956.0
2023-02-28,177321.0
2023-03-01,193741.0
2023-03-02,190200.0
2023-03-03,190291.0
2023-03-04,163057.0
2023-03-05,160800.0
2023-03-06,161400.0
2023-03-07,164563.0
2023-03-08,170316.0
2023-03-09,217094.0
2023-03-10,195027.0
2023-03-11,1036716.0
2023-03-12,1080320.0
2023-03-13,1036202.0
2023-03-14,384275.0
2023-03-15,269506.0
2023-03-16,240588.0
2023-03-17,292224.0
2023-03-18,195705.0
2023-03-19,200436.0
2023-03-20,228974.0
2023-03-21,212177.0
2023-03-22,212595.0
2023-03-23,207999.0
2023-03-24,206444.0
2023-03-25,187772.0
2023-03-26,184535.0
2023-03-27,209977.0
2023-03-28,182700.0
2023-03-29,187805.0
2023-03-30,195906.0
2023-03-31,193674.0
2023-04-01,193336.0
2023-04-02,197534.0
2023-04-03,201021.0
2023-04-04,203700.0
2023-04-05,207289.0
2023-04-06,200300.0
2023-04-07,196827.0
2023-04-08,203935.0
2023-04-09,199120.0
2023-04-10,204435.0
2023-04-11,203610.0
2023-04-12,210652.0
2023-04-13,232839.0
2023-04-14,251549.0
2023-04-15,227343.0
2023-04-16,225378.0
2023-04-17,222681.0
2023-04-18,222305.0
2023-04-19,222949.0
2023-04-20,224060.0
2023-04-21,230072.0
2023-04-22,204131.0
2023-04-23,218499.0
2023-04-24,215091.0
2023-04-25,212851.0
2023-04-26,213477.0
2023-04-27,214053.0
2023-04-28,256693.0
2023-04-29,208993.0
2023-04-30,233992.0
2023-05-01,236978.0
2023-05-02,226699.0
2023-05-03,225596.0
2023-05-04,221355.0
2023-05-05,216078.0
2023-05-06,217694.0
2023-05-07,213835.0
2023-05-08,275602.0
2023-05-09,215621.0
2023-05-10,232138.0
2023-05-11,230785.0
2023-05-12,235641.0
2023-05-13,232605.0
2023-05-14,228745.0
2023-05-15,226396.0
2023-05-16,226453.0
2023-05-17,233656.0
2023-05-18,235004.0
2023-05-19,223803.0
2023-05-20,231602.0
2023-05-21,223588.0
2023-05-22,222367.0
2023-05-23,233683.0
2023-05-24,225181.0
2023-05-25,226321.0
2023-05-26,237364.0
2023-05-27,229412.0
2023-05-28,240159.0
2023-05-29,232243.0
2023-05-30,233977.0
2023-05-31,249510.0
2023-06-01,237384.0
2023-06-02,261833.0
2023-06-03,248213.0
2023-06-04,246171.0
2023-06-05,326954.0
2023-06-06,248966.0
2023-06-07,257407.0
2023-06-08,250204.0
2023-06-09,256658.0
2023-06-10,538885.0
2023-06-11,228412.0
2023-06-12,361414.0
2023-06-13,240202.0
2023-06-14,249707.0
2023-06-15,295626.0
2023-06-16,250905.0
2023-06-17,280750.0
2023-06-18,235340.0
2023-06-19,232618.0
2023-06-20,248215.0
2023-06-21,250629.0
2023-06-22,245549.0
2023-06-23,257047.0
2023-06-24,258598.0
2023-06-25,269878.0
2023-06-26,268410.0
2023-06-27,267636.0
2023-06-28,255847.0
2023-06-29,251373.0
2023-06-30,275649.0
2023-07-01,263732.0
2023-07-02,259205.0
2023-07-03,262976.0
2023-07-04,280909.0
2023-07-05,236852.0
2023-07-06,253115.0
2023-07-07,238641.0
2023-07-08,233685.0
2023-07-09,245732.0
2023-07-10,233787.0
2023-07-11,246578.0
2023-07-12,247709.0
2023-07-13,295981.0
2023-07-14,321428.0
2023-07-15,246514.0
2023-07-16,253392.0
2023-07-17,251358.0
2023-07-18,239582.0
2023-07-19,261959.0
2023-07-20,273534.0
2023-07-21,292245.0
2023-07-22,247203.0
2023-07-23,240678.0
2023-07-24,261365.0
2023-07-25,227989.0
2023-07-26,242363.0
2023-07-27,240093.0
2023-07-28,237998.0
2023-07-29,253765.0
2023-07-30,446682.0
2023-07-31,886264.0
2023-08-01,726630.0
2023-08-02,523152.0
2023-08-03,510763.0
2023-08-04,378781.0
2023-08-05,409925.0
2023-08-06,335686.0
2023-08-07,341471.0
2023-08-08,291034.0
2023-08-09,308390.0
2023-08-10,300603.0
2023-08-11,460997.0
2023-08-12,312772.0
2023-08-13,250149.0
2023-08-14,277256.0
2023-08-15,295432.0
2023-08-16,244100.0
2023-08-17,817212.0
2023-08-18,219912.0
2023-08-19,206494.0
2023-08-20,202790.0
2023-08-21,206427.0
2023-08-22,220316.0
2023-08-23,213482.0
2023-08-24,221833.0
2023-08-25,210275.0
2023-08-26,190359.0
2023-08-27,210397.0
2023-08-28,213221.0
2023-08-29,295192.0
2023-08-30,252666.0
2023-08-31,253348.0
2023-09-01,233582.0
2023-09-02,216935.0
2023-09-03,246938.0
2023-09-04,228407.0
2023-09-05,236973.0
2023-09-06,226679.0
2023-09-07,220339.0
2023-09-08,217190.0
2023-09-09,216592.0
2023-09-10,237864.0
2023-09-11,262548.0
2023-09-12,220301.0
2023-09-13,240259.0
2023-09-14,214757.0
2023-09-15,215897.0
2023-09-16,223348.0
2023-09-17,249129.0
2023-09-18,300199.0
2023-09-19,234506.0
2023-09-20,229969.0
2023-09-21,224283.0
2023-09-22,224719.0
2023-09-23,241133.0
2023-09-24,234098.0
2023-09-25,233225.0
2023-09-26,242255.0
2023-09-27,239605.0
2023-09-28,261733.0
2023-09-29,261065.0
2023-09-30,475697.0
2023-10-01,270615.0
2023-10-02,297878.0
2023-10-03,288495.0
2023-10-04,274034.0
2023-10-05,296893.0
2023-10-06,277747.0
2023-10-07,275885.0
2023-10-08,285457.0
2023-10-09,278164.0
2023-10-10,276567.0
2023-10-11,262659.0
2023-10-12,312321.0
2023-10-13,254969.0
2023-10-14,225888.0
2023-10-15,241541.0
2023-10-16,296929.0
2023-10-17,314519.0
2023-10-18,326457.0
2023-10-19,274810.0
2023-10-20,298575.0
2023-10-21,262528.0
2023-10-22,250000.0
2023-10-23,407661.0
2023-10-24,358039.0
2023-10-25,368131.0
2023-10-26,342451.0
2023-10-27,329230.0
2023-10-28,373968.0
2023-10-29,313534.0
2023-10-30,392102.0
2023-10-31,289978.0
2023-11-01,328550.0
2023-11-02,410686.0
2023-11-03,346335.0
2023-11-04,331104.0
2023-11-05,276413.0
2023-11-06,277443.0
2023-11-07,216849.0
2023-11-08,203211.0
2023-11-09,270196.0
2023-11-10,219927.0
2023-11-11,256746.0
2023-11-12,333097.0
2023-11-13,1747462.0
2023-11-14,585049.0
2023-11-15,451288.0
2023-11-16,505050.0
2023-11-17,391238.0
2023-11-18,387713.0
2023-11-19,341147.0
2023-11-20,442343.0
2023-11-21,378066.0
2023-11-22,437599.0
2023-11-23,379680.0
2023-11-24,340514.0
2023-11-25,332468.0
2023-11-26,388867.0
2023-11-27,429915.0
2023-11-28,371772.0
2023-11-29,382377.0
2023-11-30,366306.0
2023-12-01,489498.0
2023-12-02,495595.0
2023-12-03,427291.0
2023-12-04,425290.0
2023-12-05,441849.0
2023-12-06,425461.0
2023-12-07,457757.0
2023-12-08,551582.0
2023-12-09,640726.0
2023-12-10,442737.0
2023-12-11,599867.0
2023-12-12,665427.0
2023-12-13,701831.0
2023-12-14,654334.0
2023-12-15,597207.0
2023-12-16,534363.0
2023-12-17,471321.0
2023-12-18,490911.0
2023-12-19,519488.0
2023-12-20,575919.0
2023-12-21,546970.0
2023-12-22,622225.0
2023-12-23,518449.0
2023-12-24,559908.0
2023-12-25,523965.0
2023-12-26,590858.0
2023-12-27,615021.0
2023-12-28,782251.0
2023-12-29,660688.0
2023-12-30,539441.0
2023-12-31,529604.0
2024-01-01,559830.0
2024-01-02,675601.0
2024-01-03,1051386.0
2024-01-04,515375.0
2024-01-05,444628.0
2024-01-06,427815.0
2024-01-07,534977.0
2024-01-08,599087.0
2024-01-09,538470.0
2024-01-10,633588.0
2024-01-11,685941.0
2024-01-12,669779.0
2024-01-13,571328.0
2024-01-14,472420.0
2024-01-15,596040.0
2024-01-16,615754.0
2024-01-17,571799.0
2024-01-18,651144.0
2024-01-19,629098.0
2024-01-20,550854.0
2024-01-21,553675.0
2024-01-22,870945.0
2024-01-23,769245.0
2024-01-24,432551.0
2024-01-25,475000.0
2024-01-26,418771.0
2024-01-27,407138.0
2024-01-28,436733.0
2024-01-29,420910.0
2024-01-30,444656.0
2024-01-31,509810.0
2024-02-01,465811.0
2024-02-02,470447.0
2024-02-03,414454.0
2024-02-04,425767.0
2024-02-05,465878.0
2024-02-06,444066.0
2024-02-07,473590.0
2024-02-08,597849.0
2024-02-09,729673.0
2024-02-10,639322.0
2024-02-11,837465.0
2024-02-12,780829.0
2024-02-13,687726.0
2024-02-14,771243.0
2024-02-15,762925.0
2024-02-16,752669.0
2024-02-17,710866.0
2024-02-18,716334.0
2024-02-19,709095.0
2024-02-20,738719.0
2024-02-21,668062.0
2024-02-22,673394.0
2024-02-23,653250.0
2024-02-24,671305.0
2024-02-25,662276.0
2024-02-26,778011.0
2024-02-27,860960.0
2024-02-28,833185.0
2024-02-29,961011.0
2024-03-01,863773.0
2024-03-02,1064167.0
2024-03-03,1249580.0
2024-03-04,1302510.0
2024-03-05,1349125.0
2024-03-06,1326463.0
2024-03-07,1146084.0
2024-03-08,1336409.0
2024-03-09,912040.0
2024-03-10,1367138.0
2024-03-11,1643378.0
2024-03-12,1698201.0
2024-03-13,1487795.0
2024-03-14,1703485.0
2024-03-15,1408438.0
2024-03-16,1240228.0
2024-03-17,1595799.0
2024-03-18,1105325.0
2024-03-19,1979733.0
2024-03-20,1331010.0
2024-03-21,1110537.0
2024-03-22,973618.0
2024-03-23,925602.0
2024-03-24,1036971.0
2024-03-25,1307466.0
2024-03-26,1217189.0
2024-03-27,1324804.0
2024-03-28,1368388.0
2024-03-29,1302301.0
2024-03-30,1531448.0
2024-03-31,1298461.0
2024-04-01,1098751.0
2024-04-02,1427996.0
2024-04-03,909271.0
2024-04-04,1075453.0
2024-04-05,1149463.0
2024-04-06,980625.0
2024-04-07,1008900.0
2024-04-08,1101210.0
2024-04-09,1251028.0
2024-04-10,1313094.0
2024-04-11,1304915.0
2024-04-12,2050322.0
2024-04-13,4264043.0
2024-04-14,1190809.0
2024-04-15,1116588.0
2024-04-16,1009763.0
2024-04-17,1172239.0
2024-04-18,982833.0
2024-04-19,980771.0
2024-04-20,930766.0
2024-04-21,911944.0
2024-04-22,922453.0
2024-04-23,916063.0
2024-04-24,930549.0
2024-04-25,921409.0
2024-04-26,914124.0
2024-04-27,935508.0
2024-04-28,923101.0
2024-04-29,932995.0
2024-04-30,977457.0
2024-05-01,1026001.0
2024-05-02,879068.0
2024-05-03,909854.0
2024-05-04,876147.0
2024-05-05,905769.0
2024-05-06,782993.0
2024-05-07,747447.0
2024-05-08,781892.0
2024-05-09,774594.0
2024-05-10,755986.0
2024-05-11,776730.0
2024-05-12,784806.0
2024-05-13,798500.0
2024-05-14,871965.0
2024-05-15,873222.0
2024-05-16,852856.0
2024-05-17,847186.0
2024-05-18,844238.0
2024-05-19,848934.0
2024-05-20,1303817.0
2024-05-21,1000058.0
2024-05-22,1079215.0
2024-05-23,1167994.0
2024-05-24,1159205.0
2024-05-25,1066528.0
2024-05-26,1113016.0
2024-05-27,1106189.0
2024-05-28,1080493.0
2024-05-29,1198604.0
2024-05-30,1154429.0
2024-05-31,1165818.0
2024-06-01,1102695.0
2024-06-02,1102139.0
2024-06-03,1147852.0
2024-06-04,1173636.0
2024-06-05,1377098.0
2024-06-06,1404220.0
2024-06-07,1513593.0
2024-06-08,1235802.0
2024-06-09,1193168.0
2024-06-10,4083096.0
2024-06-11,1288266.0
2024-06-12,1215919.0
2024-06-13,1271370.0
2024-06-14,1742191.0
2024-06-15,1165564.0
2024-06-16,1195702.0
2024-06-17,1189043.0
2024-06-18,1316391.0
2024-06-19,1181624.0
2024-06-20,1187869.0
2024-06-21,1163847.0
2024-06-22,1338854.0
2024-06-23,1097048.0
2024-06-24,1254730.0
2024-06-25,1088268.0
2024-06-26,1108033.0
2024-06-27,1179619.0
2024-06-28,1212876.0
2024-06-29,1132657.0
2024-06-30,1167588.0
2024-07-01,1122169.0
2024-07-02,1135870.0
2024-07-03,1140066.0
2024-07-04,1399202.0
2024-07-05,2821412.0
2024-07-06,1112976.0
2024-07-07,1022306.0
2024-07-08,1090865.0
2024-07-09,970000.0
2024-07-10,1056122.0
2024-07-11,982880.0
2024-07-12,982163.0
2024-07-13,999701.0
2024-07-14,998790.0
2024-07-15,1079768.0
2024-07-16,1084876.0
2024-07-17,1054025.0
2024-07-18,1081555.0
2024-07-19,1096255.0
2024-07-20,1096845.0
2024-07-21,1143355.0
2024-07-22,1138279.0
2024-07-23,1191285.0
2024-07-24,1180721.0
2024-07-25,1126757.0
2024-07-26,955543.0
2024-07-27,969420.0
2024-07-28,982778.0
2024-07-29,1006266.0
2024-07-30,1021376.0
2024-07-31,1036597.0
2024-08-01,1030797.0
2024-08-02,1152377.0
2024-08-03,1146215.0
2024-08-04,1830607.0
2024-08-05,14946950.0
2024-08-06,710781.0
2024-08-07,727371.0
2024-08-08,747767.0
2024-08-09,746442.0
2024-08-10,765261.0
2024-08-11,766423.0
2024-08-12,790052.0
2024-08-13,743519.0
2024-08-14,798036.0
2024-08-15,790973.0
2024-08-16,791053.0
2024-08-17,784526.0
2024-08-18,825007.0
2024-08-19,806383.0
2024-08-20,832030.0
2024-08-21,803302.0
2024-08-22,817212.0
2024-08-23,846056.0
2024-08-24,839531.0
2024-08-25,864017.0
2024-08-26,866124.0
2024-08-27,1088779.0
2024-08-28,831479.0
2024-08-29,811612.0
2024-08-30,824791.0
2024-08-31,792013.0
2024-09-01,831295.0
2024-09-02,810233.0
2024-09-03,819267.0
2024-09-04,984697.0
2024-09-05,821561.0
2024-09-06,1307333.0
2024-09-07,759932.0
2024-09-08,758808.0
2024-09-09,771415.0
2024-09-10,749692.0
2024-09-11,696983.0
2024-09-12,702638.0
2024-09-13,708395.0
2024-09-14,723995.0
2024-09-15,724015.0
2024-09-16,742374.0
2024-09-17,744749.0
2024-09-18,771259.0
2024-09-19,773751.0
2024-09-20,794361.0
2024-09-21,813154.0
2024-09-22,803601.0
2024-09-23,807853.0
2024-09-24,837423.0
2024-09-25,864243.0
2024-09-26,876285.0
2024-09-27,915100.0
2024-09-28,792257.0
2024-09-29,794615.0
2024-09-30,868220.0
2024-10-01,1057443.0
2024-10-02,953935.0
2024-10-03,1025067.0
2024-10-04,897429.0
2024-10-05,879629.0
2024-10-06,853897.0
2024-10-07,890423.0
2024-10-08,13202.0
2024-10-09,1137917.0
2024-10-10,937534.0
2024-10-11,935679.0
2024-10-12,911372.0
2024-10-13,899769.0
2024-10-14,1029798.0
2024-10-15,1059796.0
2024-10-16,1014880.0
2024-10-17,967079.0
2024-10-18,1058408.0
2024-10-19,1056030.0
2024-10-20,1069094.0
2024-10-21,1214318.0
2024-10-22,1125966.0
2024-10-23,1133198.0
2024-10-24,1205249.0
2024-10-25,1249634.0
2024-10-26,1052091.0
2024-10-27,1033563.0
2024-10-28,1102876.0
2024-10-29,1262102.0
2024-10-30,1145281.0
2024-10-31,1113831.0
2024-11-01,1130793.0
2024-11-02,1083170.0
2024-11-03,1089946.0
2024-11-04,1100101.0
2024-11-05,1176896.0
2024-11-06,1343153.0
2024-11-07,1497749.0
2024-11-08,1585776.0
2024-11-09,1270126.0
2024-11-10,1298015.0
2024-11-11,1668614.0
2024-11-12,2128327.0
2024-11-13,1691774.0
2024-11-14,1364842.0
2024-11-15,1358556.0
2024-11-16,1291021.0
2024-11-17,1320944.0
2024-11-18,1561458.0
2024-11-19,1956099.0
2024-11-20,2011775.0
2024-11-21,1805548.0
2024-11-22,2260171.0
2024-11-23,1962236.0
2024-11-24,2059401.0
2024-11-25,1718706.0
2024-11-26,2126188.0
2024-11-27,2240791.0
2024-11-28,2083049.0
2024-11-29,2490160.0
2024-11-30,1996748.0
2024-12-01,2154348.0
2024-12-02,3404282.0
2024-12-03,3029830.0
2024-12-04,2940577.0
2024-12-05,4510230.0
2024-12-06,3885617.0
2024-12-07,2425869.0
2024-12-08,2770379.0
2024-12-09,5382489.0
2024-12-10,2964221.0
2024-12-11,3204423.0
2024-12-12,2976199.0
2024-12-13,2546265.0
2024-12-14,2473512.0
2024-12-15,2595895.0
2024-12-16,3199377.0
2024-12-17,2632510.0
2024-12-18,3312856.0
2024-12-19,3210409.0
2024-12-20,3438892.0
2024-12-21,2832808.0
2024-12-22,2741421.0
2024-12-23,2783940.0
2024-12-24,2665380.0
2024-12-25,2664725.0
2024-12-26,2684276.0
2024-12-27,2594117.0
2024-12-28,2620621.0
2024-12-29,2526416.0
2024-12-30,2689614.0
2024-12-31,2518495.0
2025-01-01,2472131.0
2025-01-02,2529042.0
2025-01-03,2562062.0
2025-01-04,2583148.0
2025-01-05,2542701.0
2025-01-06,2538477.0
2025-01-07,2945255.0
2025-01-08,2935958.0
2025-01-09,2591398.0
2025-01-10,2408885.0
2025-01-11,2388953.0
2025-01-12,2393389.0
2025-01-13,2917582.0
2025-01-14,2349490.0
2025-01-15,2396810.0
2025-01-16,2332053.0
2025-01-17,2462998.0
2025-01-18,2404630.0
2025-01-19,2561530.0
2025-01-20,2633762.0
2025-01-21,2612213.0
2025-01-22,2525030.0
2025-01-23,2576153.0
2025-01-24,2457223.0
2025-01-25,2424459.0
2025-01-26,2366805.0
2025-01-27,3212810.0
2025-01-28,2486028.0
2025-01-29,2321564.0
2025-01-30,2330202.0
2025-01-31,2301577.0
2025-02-01,2204350.0
2025-02-02,3364410.0
2025-02-03,15617877.0
2025-02-04,2282947.0
2025-02-05,2042735.0
2025-02-06,1988712.0
2025-02-07,1975453.0
2025-02-08,1924262.0
2025-02-09,1872530.0
2025-02-10,1811837.0
2025-02-11,1717201.0
2025-02-12,1589665.0
2025-02-13,1546698.0
2025-02-14,1552243.0
2025-02-15,1531585.0
2025-02-16,1529527.0
2025-02-17,1572954.0
2025-02-18,1577791.0
2025-02-19,1570204.0
2025-02-20,1552771.0
2025-02-21,1661411.0
2025-02-22,1862309.0
2025-02-23,1654234.0
2025-02-24,1980601.0
2025-02-25,3700148.0
2025-02-26,2969579.0
2025-02-27,1925629.0
2025-02-28,3910502.0
2025-03-01,1419645.0
2025-03-02,1474031.0
2025-03-03,1644131.0
2025-03-04,2386574.0
2025-03-05,1361450.0
2025-03-06,1361573.0
2025-03-07,1372870.0
2025-03-08,1317352.0
2025-03-09,1532756.0
2025-03-10,3746104.0
2025-03-11,2310581.0
2025-03-12,1307335.0
2025-03-13,1159924.0
2025-03-14,1143329.0
2025-03-15,1150416.0
2025-03-16,1168048.0
2025-03-17,1166423.0
2025-03-18,1289857.0
2025-03-19,1274183.0
2025-03-20,1086395.0
2025-03-21,1104123.0
2025-03-22,1132203.0
2025-03-23,1133624.0
2025-03-24,1122007.0
2025-03-25,1152607.0
2025-03-26,1146917.0
2025-03-27,1154992.0
2025-03-28,1285947.0
2025-03-29,1203325.0
2025-03-30,1163165.0
2025-03-31,1137076.0
2025-04-01,1129234.0
2025-04-02,1181039.0
2025-04-03,1185500.0
2025-04-04,1049007.0
2025-04-05,1026313.0
2025-04-06,3785338.0
2025-04-07,4408922.0
2025-04-08,1036538.0
2025-04-09,1264513.0
2025-04-10,1019637.0
2025-04-11,980499.0
2025-04-12,1092154.0
2025-04-13,1069557.0
2025-04-14,1002442.0
2025-04-15,994233.0
2025-04-16,1013117.0
2025-04-17,971369.0
2025-04-18,977049.0
2025-04-19,965973.0
2025-04-20,975504.0
2025-04-21,1122462.0
2025-04-22,1112664.0
2025-04-23,1032910.0
2025-04-24,1059790.0
2025-04-25,1032926.0
2025-04-26,1049227.0
2025-04-27,1046483.0
2025-04-28,1044523.0
2025-04-29,1018987.0
2025-04-30,1025775.0
2025-05-01,1057119.0
2025-05-02,1125677.0
2025-05-03,1124720.0
2025-05-04,1105426.0
2025-05-05,1123949.0
2025-05-06,1153376.0
2025-05-07,1205222.0
2025-05-08,1308015.0
2025-05-09,1353077.0
2025-05-10,1378129.0
2025-05-11,1473732.0
2025-05-12,1486583.0
2025-05-13,1602276.0
2025-05-14,1734250.0
2025-05-15,1789427.0
2025-05-16,1545453.0
2025-05-17,1505728.0
2025-05-18,1761257.0
2025-05-19,1552461.0
2025-05-20,1573268.0
2025-05-21,1633150.0
2025-05-22,1607951.0
2025-05-23,1626219.0
2025-05-24,1596273.0
2025-05-25,1592838.0
2025-05-26,1554595.0
2025-05-27,1650214.0
2025-05-28,1679429.0
2025-05-29,1694659.0
2025-05-30,1685852.0
2025-05-31,1676994.0
2025-06-01,1706864.0
2025-06-02,1746786.0
2025-06-03,1747442.0
2025-06-04,1782895.0
2025-06-05,2479970.0
2025-06-06,1748228.0
2025-06-07,1768630.0
2025-06-08,1787181.0
2025-06-09,2207773.0
2025-06-10,1844267.0
2025-06-11,1903573.0
2025-06-12,1876946.0
2025-06-13,2052164.0
2025-06-14,1800685.0
2025-06-15,1831905.0
2025-06-16,1830562.0
2025-06-17,1760118.0
2025-06-18,1723558.0
2025-06-19,1702772.0
2025-06-20,1766656.0
2025-06-21,1972049.0
2025-06-22,2141833.0
2025-06-23,1877352.0
2025-06-24,1712164.0
2025-06-25,1694926.0
2025-06-26,1687430.0
2025-06-27,1632929.0
2025-06-28,1629765.0
2025-06-29,1665715.0
2025-06-30,1640106.0
2025-07-01,1670708.0
2025-07-02,1737181.0
2025-07-03,1793820.0
2025-07-04,1801927.0
2025-07-05,1819947.0
2025-07-06,1864685.0
2025-07-07,1867553.0
2025-07-08,1912709.0
2025-07-09,1933316.0
2025-07-10,2054427.0
2025-07-11,2155890.0
2025-07-12,2148306.0
2025-07-13,2150278.0
2025-07-14,2432837.0
2025-07-15,2655414.0
2025-07-16,3222033.0
2025-07-17,3041472.0
2025-07-18,3195194.0
2025-07-19,2342486.0
2025-07-20,2809342.0
2025-07-21,3377555.0
2025-07-22,3432690.0
2025-07-23,2830594.0
2025-07-24,2507645.0
2025-07-25,2480655.0
2025-07-26,2476373.0
2025-07-27,2555029.0
2025-07-28,2599387.0
2025-07-29,2719920.0
2025-07-30,2714029.0
2025-07-31,2853671.0
2025-08-01,3212516.0
2025-08-02,2817282.0
2025-08-03,2957926.0
2025-08-04,2880388.0
2025-08-05,2777333.0
2025-08-06,2956052.0
2025-08-07,2990376.0
2025-08-08,3107686.0
2025-08-09,3167608.0
2025-08-10,3254973.0
2025-08-11,3126458.0
2025-08-12,3577435.0
2025-08-13,4086278.0
2025-08-14,4210167.0
2025-08-15,4334552.0
2025-08-16,3950384.0
2025-08-17,4227481.0
2025-08-18,3918393.0
2025-08-19,3997298.0
2025-08-20,3680174.0
2025-08-21,3430991.0
2025-08-22,3650378.0
2025-08-23,3538252.0
2025-08-24,3687547.0
2025-08-25,3620861.0
2025-08-26,3470193.0
2025-08-27,3428571.0
2025-08-28,3456184.0
2025-08-29,3526737.0
2025-08-30,3391061.0
2025-08-31,3411453.0
2025-09-01,3423659.0
2025-09-02,3749885.0
2025-09-03,3450099.0
2025-09-04,3530158.0
2025-09-05,3543647.0
2025-09-06,3529310.0
2025-09-07,3430874.0
2025-09-08,3490907.0
2025-09-09,3606668.0
2025-09-10,3645464.0
2025-09-11,3779670.0
2025-09-12,3820542.0
2025-09-13,3784621.0
2025-09-14,3728398.0
2025-09-15,4075940.0
2025-09-16,4549611.0
2025-09-17,4121152.0
2025-09-18,4059106.0
2025-09-19,4009102.0
2025-09-20,3861822.0
2025-09-21,3908558.0
2025-09-22,5005608.0
2025-09-23,3848289.0
2025-09-24,3807791.0
2025-09-25,3723256.0
2025-09-26,3871530.0
2025-09-27,3470216.0
2025-09-28,3441940.0
2025-09-29,3426144.0
2025-09-30,3422016.0
2025-10-01,3490468.0
2025-10-02,3509046.0
2025-10-03,3490988.0
2025-10-04,3470632.0
2025-10-05,3472034.0
2025-10-06,3463621.0
2025-10-07,3441918.0
2025-10-08,3610219.0
2025-10-09,3641248.0
2025-10-10,16101881.0
2025-10-11,3795460.0
2025-10-12,4251101.0
2025-10-13,3275173.0
2025-10-14,3329862.0
2025-10-15,3132065.0
2025-10-16,3235483.0
2025-10-17,3390494.0
2025-10-18,2939234.0
2025-10-19,3040935.0
2025-10-20,2998587.0
2025-10-21,3167104.0
2025-10-22,3258535.0
2025-10-23,3086500.0
2025-10-24,3137716.0
2025-10-25,2946809.0
2025-10-26,2974748.0
2025-10-27,2979102.0
2025-10-28,3036282.0
2025-10-29,3030225.0
2025-10-30,3099455.0
2025-10-31,2958532.0
2025-11-01,2946931.0
2025-11-02,2980083.0
2025-11-03,3139199.0
2025-11-04,8849467.0
2025-11-05,3085605.0
2025-11-06,2913388.0
2025-11-07,3119231.0
2025-11-08,3167755.0
2025-11-09,3014530.0
2025-11-10,2904242.0
2025-11-11,2879638.0
2025-11-12,2834903.0
2025-11-13,2840929.0
2025-11-14,2917296.0
2025-11-15,2593353.0
2025-11-16,4998755.0
2025-11-17,3072033.0
2025-11-18,2791000.0
2025-11-19,3208163.0
2025-11-20,4507276.0
2025-11-21,6201542.0
2025-11-22,2359943.0
2025-11-23,2387777.0
2025-11-24,2427416.0
2025-11-25,2364895.0
2025-11-26,2329097.0
2025-11-27,2291419.0
2025-11-28,2231728.0
2025-11-29,2248361.0
2025-11-30,2229103.0
2025-12-01,2528877.0
2025-12-02,2485353.0
2025-12-03,2345565.0
2025-12-04,2353614.0
2025-12-05,2279608.0
2025-12-06,2193416.0
2025-12-07,2221660.0
2025-12-08,2328018.0
2025-12-09,2536711.0
2025-12-10,2435755.0
2025-12-11,2420042.0
2025-12-12,2396949.0
2025-12-13,2362192.0
2025-12-14,2277306.0
2025-12-15,2334048.0
2025-12-16,2241877.0
2025-12-17,2145842.0
2025-12-18,2175351.0
2025-12-19,2162805.0
2025-12-20,2158967.0
2025-12-21,2121817.0
2025-12-22,2169435.0
2025-12-23,2157211.0
2025-12-24,2139098.0
2025-12-25,2132565.0
2025-12-26,2114713.0
2025-12-27,2100002.0
2025-12-28,2229790.0
2025-12-29,2105215.0
2025-12-30,2260868.0
2025-12-31,2265380.0
2026-01-01,2238538.0
2026-01-02,2268438.0
2026-01-03,2235526.0
2026-01-04,2278955.0
2026-01-05,2268988.0
2026-01-06,2196918.0
2026-01-07,2177552.0
2026-01-08,2281000.0
2026-01-09,2178048.0
2026-01-10,2175632.0
2026-01-11,2209785.0
2026-01-12,2300563.0
2026-01-13,2270910.0
2026-01-14,2305114.0
2026-01-15,2308328.0
2026-01-16,2301109.0
2026-01-17,2297913.0
2026-01-18,2286381.0
2026-01-19,2586820.0
2026-01-20,2867889.0
2026-01-21,2425722.0
2026-01-22,2443265.0
2026-01-23,2434849.0
2026-01-24,2369505.0
2026-01-25,2417841.0
2026-01-26,2363980.0
2026-01-27,2444102.0
2026-01-28,2522938.0
2026-01-29,2910935.0
2026-01-30,2753463.0
2026-01-31,9797441.0
2026-02-01,2833843.0
2026-02-02,4298617.0
2026-02-03,3630860.0
2026-02-04,2410873.0
2026-02-05,9548188.0
2026-02-06,8564874.0
2026-02-07,2156812.0
2026-02-08,1816733.0
2026-02-09,1790800.0
2026-02-10,1775433.0
2026-02-11,1678909.0
2026-02-12,1633802.0
2026-02-13,1683150.0
2026-02-14,1926922.0
2026-02-15,2283122.0
2026-02-16,1840131.0
2026-02-17,1708339.0
2026-02-18,1607535.0
2026-02-19,1594639.0
2026-02-20,1622202.0
2026-02-21,1583508.0
2026-02-22,1515952.0
2026-02-23,1566388.0
2026-02-24,1563116.0
2026-02-25,1868614.0
2026-02-26,1553853.0
2026-02-27,1519127.0
2026-02-28,1546448.0
2026-03-01,1502392.0
2026-03-02,1566167.0
2026-03-03,1571419.0
2026-03-04,1763990.0
2026-03-05,1611319.0
2026-03-06,1549968.0
2026-03-07,1430180.0
2026-03-08,1360980.0
2026-03-09,1361009.0
2026-03-10,2909132.0
2026-03-11,1418416.0
2026-03-12,1374832.0
2026-03-13,1420329.0
2026-03-14,1388055.0
2026-03-15,1404764.0
2026-03-16,1621437.0
2026-03-17,1473034.0
2026-03-18,1488448.0
2026-03-19,1507202.0
2026-03-20,1464730.0
2026-03-21,1453264.0
2026-03-22,1440093.0
2026-03-23,1465686.0
2026-03-24,1441117.0
2026-03-25,1454539.0
2026-03-26,1456025.0
2026-03-27,1902935.0
2026-03-28,1430901.0
2026-03-29,1427270.0
2026-03-30,1439426.0
2026-03-31,1472009.0
2026-04-01,1608810.0
2026-04-02,1498774.0
2026-04-03,1478568.0
2026-04-04,1463869.0
2026-04-05,1496821.0
2026-04-06,1503527.0
2026-04-07,1540813.0
2026-04-08,1571078.0
2026-04-09,1522620.0
2026-04-10,1542245.0
2026-04-11,1525682.0
2026-04-12,1529110.0
2026-04-13,1542838.0
2026-04-14,1613104.0
2026-04-15,1603885.0
2026-04-16,1591720.0
2026-04-17,1694999.0
2026-04-18,1991203.0
2026-04-19,5204314.0
2026-04-20,4696544.0
2026-04-21,4039725.0
2026-04-22,3483490.0
2026-04-23,3047025.0
2026-04-24,2635659.0
2026-04-25,2279668.0
2026-04-26,2077810.0
2026-04-27,1967367.0
2026-04-28,1934565.0
2026-04-29,1739619.0
2026-04-30,1888412.0
2026-05-01,1553995.0
2026-05-02,1447902.0
2026-05-03,1491415.0
2026-05-04,1517224.0
2026-05-05,1587375.0
2026-05-06,16332879.0
2026-05-07,1265306.0
2026-05-08,1221653.0
2026-05-09,1245483.0
2026-05-10,1161827.0
2026-05-11,1140594.0
2026-05-12,1130126.0
2026-05-13,1112256.0
2026-05-14,1101172.0
2026-05-15,1155973.0
2026-05-16,1092073.0
2026-05-17,1078719.0
2026-05-18,1118085.0
2026-05-19,1110354.0
2026-05-20,1169567.0
2026-05-21,1157675.0
2026-05-22,1187471.0
2026-05-23,1142308.0
2026-05-24,1083920.0
2026-05-25,1084827.0
2026-05-26,1112926.0
2026-05-27,1078736.0
2026-05-28,1129159.0
2026-05-29,1020363.0
2026-05-30,1042947.0
2026-05-31,1029286.0
2026-06-01,1056087.0
2026-06-02,1657466.0
2026-06-03,1652381.0
2026-06-04,2114890.0
2026-06-05,6491668.0
2026-06-06,3253766.0
2026-06-07,952578.0
2026-06-08,958780.0
2026-06-09,987796.0
2026-06-10,957059.0
2026-06-11,967587.0
2026-06-12,963486.0
2026-06-13,953153.0
2026-06-14,956813.0
2026-06-15,992880.0
2026-06-16,975232.0
2026-06-17,968372.0
2026-06-18,998898.0
2026-06-19,1000434.0
2026-06-20,975473.0
2026-06-21,982967.0
2026-06-22,992594.0
2026-06-23,1269096.0
2026-06-24,1200540.0
2026-06-25,1346570.0
2026-06-26,941710.0
2026-06-27,855167.0
2026-06-28,872022.0
2026-06-29,943197.0
2026-06-30,915268.0
2026-07-01,1137983.0
2026-07-02,920115.0
2026-07-03,892430.0
2026-07-04,895436.0
2026-07-05,908286.0
2026-07-06,892596.0
2026-07-07,900147.0
2026-07-08,920353.0
2026-07-09,964517.0
2026-07-10,921803.0
2026-07-11,872498.0
2026-07-12,890744.0
2026-07-13,930529.0
2026-07-14,911157.0
2026-07-15,1024354.0
2026-07-16,958124.0
2026-07-17,934007.0
2026-07-18,909825.0
2026-07-19,961416.0
2026-07-20,936582.0
2026-07-21,953110.0
2026-07-22,970353.0
2026-07-23,981190.0
2026-07-24,987051.0
2026-07-25,966890.0
2026-07-26,967759.0
2026-07-27,981031.0
2026-07-28,984241.0
2026-07-29,974512.0
2026-07-30,992337.0
2026-07-31,990105.0
2026-08-01,983645.0
2026-08-02,971831.0
2026-08-03,988548.0
2026-08-04,980783.0
2026-08-05,1004843.0
2026-08-06,1015283.0
2026-08-07,1025775.0
2026-08-08,1003610.0
2026-08-09,1007287.0
2026-08-10,1022675.0
2026-08-11,1000981.0
2026-08-12,1027931.0
2026-08-13,1006114.0
2026-08-14,1007859.0
2026-08-15,1012849.0
2026-08-16,1007671.0
2026-08-17,1015985.0
2026-08-18,1001801.0
2026-08-19,1014717.0
2026-08-20,1108251.0
2026-08-21,1127577.0
2026-08-22,1105970.0
2026-08-23,1091797.0
2026-08-24,1139487.0
2026-08-25,1316951.0
2026-08-26,1183127.0
2026-08-27,1127920.0
2026-08-28,1118922.0
2026-08-29,1136135.0
2026-08-30,1123691.0
2026-08-31,1153215.0
2026-09-01,1205373.0
2026-09-02,1155414.0
2026-09-03,1162796.0
2026-09-04,1203990.0
2026-09-05,1225654.0
2026-09-06,1216315.0
2026-09-07,1202167.0
2026-09-08,1215315.0
2026-09-09,1316906.0
2026-09-10,1227316.0
2026-09-11,1203529.0
2026-09-12,1156156.0
2026-09-13,1173773.0
2026-09-14,1195411.0
2026-09-15,1258792.0
2026-09-16,1158768.0
2026-09-17,1172562.0
2026-09-18,1186382.0
2026-09-19,1194141.0
2026-09-20,1241608.0
2026-09-21,1347376.0
2026-09-22,1340588.0
2026-09-23,1277769.0
2026-09-24,1252815.0
2026-09-25,1246193.0
2026-09-26,1319793.0
2026-09-27,1278374.0
2026-09-28,1252988.0
2026-09-29,1255586.0
2026-09-30,1301579.0
2026-10-01,1259141.0
2026-10-02,1250787.0
2026-10-03,1219095.0
2026-10-04,1231278.0
