date,revenue_usd
2020-12-04,14.0
2020-12-05,37.0
2020-12-06,64.0
2020-12-07,176.0
2020-12-08,151.0
2020-12-09,144.0
2020-12-10,155.0
2020-12-11,116.0
2020-12-12,165.0
2020-12-13,179.0
2020-12-14,235.0
2020-12-15,457.0
2020-12-16,403.0
2020-12-17,813.0
2020-12-18,455.0
2020-12-19,450.0
2020-12-20,611.0
2020-12-21,644.0
2020-12-22,520.0
2020-12-23,639.0
2020-12-24,821.0
2020-12-25,791.0
2020-12-26,676.0
2020-12-27,646.0
2020-12-28,862.0
2020-12-29,515.0
2020-12-30,2412.0
2020-12-31,1622.0
2021-01-01,2018.0
2021-01-02,2365.0
2021-01-03,2351.0
2021-01-04,1780.0
2021-01-05,1222.0
2021-01-06,3294.0
2021-01-07,2632.0
2021-01-08,2981.0
2021-01-09,2534.0
2021-01-10,2292.0
2021-01-11,2463.0
2021-01-12,1965.0
2021-01-13,2163.0
2021-01-14,3689.0
2021-01-15,3222.0
2021-01-16,3055.0
2021-01-17,4261.0
2021-01-18,3456.0
2021-01-19,4949.0
2021-01-20,4339.0
2021-01-21,5012.0
2021-01-22,4668.0
2021-01-23,4645.0
2021-01-24,5896.0
2021-01-25,5478.0
2021-01-26,4391.0
2021-01-27,4810.0
2021-01-28,4546.0
2021-01-29,5862.0
2021-01-30,6279.0
2021-01-31,6727.0
2021-02-01,5486.0
2021-02-02,9871.0
2021-02-03,11830.0
2021-02-04,171924.0
2021-02-05,10133.0
2021-02-06,8097.0
2021-02-07,6163.0
2021-02-08,12104.0
2021-02-09,16935.0
2021-02-10,17126.0
2021-02-11,16124.0
2021-02-12,11852.0
2021-02-13,11817.0
2021-02-14,11568.0
2021-02-15,14495.0
2021-02-16,15649.0
2021-02-17,14655.0
2021-02-18,16818.0
2021-02-19,14839.0
2021-02-20,13838.0
2021-02-21,13000.0
2021-02-22,12370.0
2021-02-23,10163.0
2021-02-24,12364.0
2021-02-25,14141.0
2021-02-26,9244.0
2021-02-27,9124.0
2021-02-28,9299.0
2021-03-01,10508.0
2021-03-02,9901.0
2021-03-03,12571.0
2021-03-04,13323.0
2021-03-05,10761.0
2021-03-06,10323.0
2021-03-07,37389.0
2021-03-08,28008.0
2021-03-09,24515.0
2021-03-10,30513.0
2021-03-11,31073.0
2021-03-12,17774.0
2021-03-13,14780.0
2021-03-14,17634.0
2021-03-15,17682.0
2021-03-16,17915.0
2021-03-17,21989.0
2021-03-18,26704.0
2021-03-19,16720.0
2021-03-20,17372.0
2021-03-21,16083.0
2021-03-22,16720.0
2021-03-23,14228.0
2021-03-24,16346.0
2021-03-25,13450.0
2021-03-26,13989.0
2021-03-27,16855.0
2021-03-28,15733.0
2021-03-29,14388.0
2021-03-30,15987.0
2021-03-31,22613.0
2021-04-01,23047.0
2021-04-02,22816.0
2021-04-03,29241.0
2021-04-04,29918.0
2021-04-05,25198.0
2021-04-06,20903.0
2021-04-07,20070.0
2021-04-08,18116.0
2021-04-09,17777.0
2021-04-10,23906.0
2021-04-11,24991.0
2021-04-12,22265.0
2021-04-13,22452.0
2021-04-14,29046.0
2021-04-15,35928.0
2021-04-16,33671.0
2021-04-17,27469.0
2021-04-18,27585.0
2021-04-19,23497.0
2021-04-20,21755.0
2021-04-21,22508.0
2021-04-22,25777.0
2021-04-23,22267.0
2021-04-24,20110.0
2021-04-25,22933.0
2021-04-26,27920.0
2021-04-27,37599.0
2021-04-28,48364.0
2021-04-29,50862.0
2021-04-30,63317.0
2021-05-01,73051.0
2021-05-02,66659.0
2021-05-03,137066.0
2021-05-04,108017.0
2021-05-05,94656.0
2021-05-06,118373.0
2021-05-07,145132.0
2021-05-08,132792.0
2021-05-09,97343.0
2021-05-10,136053.0
2021-05-11,132944.0
2021-05-12,161308.0
2021-05-13,131741.0
2021-05-14,126538.0
2021-05-15,129332.0
2021-05-16,90325.0
2021-05-17,88597.0
2021-05-18,77751.0
2021-05-19,133134.0
2021-05-20,96883.0
2021-05-21,63458.0
2021-05-22,49144.0
2021-05-23,60856.0
2021-05-24,45689.0
2021-05-25,52718.0
2021-05-26,44892.0
2021-05-27,51476.0
2021-05-28,49100.0
2021-05-29,56747.0
2021-05-30,49299.0
2021-05-31,57619.0
2021-06-01,56563.0
2021-06-02,58606.0
2021-06-03,58567.0
2021-06-04,97370.0
2021-06-05,60339.0
2021-06-06,60438.0
2021-06-07,60909.0
2021-06-08,59286.0
2021-06-09,62414.0
2021-06-10,59425.0
2021-06-11,64611.0
2021-06-12,61802.0
2021-06-13,62576.0
2021-06-14,61628.0
2021-06-15,66747.0
2021-06-16,62013.0
2021-06-17,62393.0
2021-06-18,53963.0
2021-06-19,52603.0
2021-06-20,53518.0
2021-06-21,52868.0
2021-06-22,51232.0
2021-06-23,50050.0
2021-06-24,51973.0
2021-06-25,50182.0
2021-06-26,48609.0
2021-06-27,61828.0
2021-06-28,48288.0
2021-06-29,49633.0
2021-06-30,52401.0
2021-07-01,51422.0
2021-07-02,50769.0
2021-07-03,50338.0
2021-07-04,49206.0
2021-07-05,57214.0
2021-07-06,46517.0
2021-07-07,46400.0
2021-07-08,47370.0
2021-07-09,47201.0
2021-07-10,47776.0
2021-07-11,49281.0
2021-07-12,46992.0
2021-07-13,48040.0
2021-07-14,55371.0
2021-07-15,46272.0
2021-07-16,47324.0
2021-07-17,57738.0
2021-07-18,62840.0
2021-07-19,58681.0
2021-07-20,61134.0
2021-07-21,56109.0
2021-07-22,56593.0
2021-07-23,58083.0
2021-07-24,58568.0
2021-07-25,58565.0
2021-07-26,59083.0
2021-07-27,60576.0
2021-07-28,59705.0
2021-07-29,62564.0
2021-07-30,63067.0
2021-07-31,67081.0
2021-08-01,70915.0
2021-08-02,72387.0
2021-08-03,87613.0
2021-08-04,65503.0
2021-08-05,65888.0
2021-08-06,66153.0
2021-08-07,68704.0
2021-08-08,74552.0
2021-08-09,73445.0
2021-08-10,80182.0
2021-08-11,100862.0
2021-08-12,76035.0
2021-08-13,117888.0
2021-08-14,108280.0
2021-08-15,84923.0
2021-08-16,88114.0
2021-08-17,91870.0
2021-08-18,81680.0
2021-08-19,83145.0
2021-08-20,103064.0
2021-08-21,146187.0
2021-08-22,170084.0
2021-08-23,173916.0
2021-08-24,114497.0
2021-08-25,118654.0
2021-08-26,101229.0
2021-08-27,99446.0
2021-08-28,117731.0
2021-08-29,133878.0
2021-08-30,149410.0
2021-08-31,159670.0
2021-09-01,138268.0
2021-09-02,167504.0
2021-09-03,166342.0
2021-09-04,141428.0
2021-09-05,129184.0
2021-09-06,196992.0
2021-09-07,208102.0
2021-09-08,103435.0
2021-09-09,130166.0
2021-09-10,131632.0
2021-09-11,119112.0
2021-09-12,134502.0
2021-09-13,154285.0
2021-09-14,115515.0
2021-09-15,98704.0
2021-09-16,150583.0
2021-09-17,142941.0
2021-09-18,118876.0
2021-09-19,117984.0
2021-09-20,116293.0
2021-09-21,111345.0
2021-09-22,110397.0
2021-09-23,147181.0
2021-09-24,144882.0
2021-09-25,116591.0
2021-09-26,122779.0
2021-09-27,137228.0
2021-09-28,129826.0
2021-09-29,100511.0
2021-09-30,117498.0
2021-10-01,117388.0
2021-10-02,129081.0
2021-10-03,124238.0
2021-10-04,118332.0
2021-10-05,146351.0
2021-10-06,149339.0
2021-10-07,170787.0
2021-10-08,126171.0
2021-10-09,110523.0
2021-10-10,118523.0
2021-10-11,137619.0
2021-10-12,151868.0
2021-10-13,148151.0
2021-10-14,184297.0
2021-10-15,232725.0
2021-10-16,166227.0
2021-10-17,146563.0
2021-10-18,172130.0
2021-10-19,173264.0
2021-10-20,155013.0
2021-10-21,177535.0
2021-10-22,145954.0
2021-10-23,110036.0
2021-10-24,129797.0
2021-10-25,150134.0
2021-10-26,164695.0
2021-10-27,356736.0
2021-10-28,161454.0
2021-10-29,389310.0
2021-10-30,180978.0
2021-10-31,297037.0
2021-11-01,164097.0
2021-11-02,128005.0
2021-11-03,145677.0
2021-11-04,139144.0
2021-11-05,139057.0
2021-11-06,137200.0
2021-11-07,150192.0
2021-11-08,169486.0
2021-11-09,161150.0
2021-11-10,156120.0
2021-11-11,92641.0
2021-11-12,107294.0
2021-11-13,109389.0
2021-11-14,90351.0
2021-11-15,79678.0
2021-11-16,85583.0
2021-11-17,78425.0
2021-11-18,77229.0
2021-11-19,78179.0
2021-11-20,72657.0
2021-11-21,75299.0
2021-11-22,76351.0
2021-11-23,81201.0
2021-11-24,100660.0
2021-11-25,116067.0
2021-11-26,110043.0
2021-11-27,102819.0
2021-11-28,95009.0
2021-11-29,99263.0
2021-11-30,122407.0
2021-12-01,125724.0
2021-12-02,134538.0
2021-12-03,128253.0
2021-12-04,90804.0
2021-12-05,69301.0
2021-12-06,74698.0
2021-12-07,83518.0
2021-12-08,83202.0
2021-12-09,72349.0
2021-12-10,72096.0
2021-12-11,69596.0
2021-12-12,68799.0
2021-12-13,73291.0
2021-12-14,68873.0
2021-12-15,70214.0
2021-12-16,72062.0
2021-12-17,69724.0
2021-12-18,73509.0
2021-12-19,70028.0
2021-12-20,71415.0
2021-12-21,69374.0
2021-12-22,70563.0
2021-12-23,76374.0
2021-12-24,82377.0
2021-12-25,99533.0
2021-12-26,80757.0
2021-12-27,71058.0
2021-12-28,75257.0
2021-12-29,73072.0
2021-12-30,73130.0
2021-12-31,74693.0
2022-01-01,72997.0
2022-01-02,77182.0
2022-01-03,80701.0
2022-01-04,74111.0
2022-01-05,76792.0
2022-01-06,70636.0
2022-01-07,73295.0
2022-01-08,70051.0
2022-01-09,66952.0
2022-01-10,67687.0
2022-01-11,75632.0
2022-01-12,75268.0
2022-01-13,69152.0
2022-01-14,80096.0
2022-01-15,90902.0
2022-01-16,77829.0
2022-01-17,77778.0
2022-01-18,83985.0
2022-01-19,75385.0
2022-01-20,86443.0
2022-01-21,82068.0
2022-01-22,56939.0
2022-01-23,44461.0
2022-01-24,54495.0
2022-01-25,46595.0
2022-01-26,46930.0
2022-01-27,52486.0
2022-01-28,54737.0
2022-01-29,64633.0
2022-01-30,57584.0
2022-01-31,58416.0
2022-02-01,57455.0
2022-02-02,53349.0
2022-02-03,57461.0
2022-02-04,58247.0
2022-02-05,65808.0
2022-02-06,62067.0
2022-02-07,55496.0
2022-02-08,56036.0
2022-02-09,55017.0
2022-02-10,55873.0
2022-02-11,60389.0
2022-02-12,55473.0
2022-02-13,57925.0
2022-02-14,60493.0
2022-02-15,58424.0
2022-02-16,59800.0
2022-02-17,59436.0
2022-02-18,55723.0
2022-02-19,57703.0
2022-02-20,60116.0
2022-02-21,57150.0
2022-02-22,49019.0
2022-02-23,48381.0
2022-02-24,54493.0
2022-02-25,49725.0
2022-02-26,45104.0
2022-02-27,44496.0
2022-02-28,44810.0
2022-03-01,49388.0
2022-03-02,51214.0
2022-03-03,51105.0
2022-03-04,50974.0
2022-03-05,55450.0
2022-03-06,49474.0
2022-03-07,47390.0
2022-03-08,46701.0
2022-03-09,51770.0
2022-03-10,44754.0
2022-03-11,46004.0
2022-03-12,46304.0
2022-03-13,45525.0
2022-03-14,44051.0
2022-03-15,47090.0
2022-03-16,47557.0
2022-03-17,45025.0
2022-03-18,50396.0
2022-03-19,47835.0
2022-03-20,46546.0
2022-03-21,49268.0
2022-03-22,52228.0
2022-03-23,56927.0
2022-03-24,58662.0
2022-03-25,57784.0
2022-03-26,60679.0
2022-03-27,58068.0
2022-03-28,67409.0
2022-03-29,68570.0
2022-03-30,65923.0
2022-03-31,64045.0
2022-04-01,63821.0
2022-04-02,65951.0
2022-04-03,63836.0
2022-04-04,63960.0
2022-04-05,59980.0
2022-04-06,62097.0
2022-04-07,60740.0
2022-04-08,62818.0
2022-04-09,61790.0
2022-04-10,65947.0
2022-04-11,64835.0
2022-04-12,64025.0
2022-04-13,67678.0
2022-04-14,65523.0
2022-04-15,62632.0
2022-04-16,66076.0
2022-04-17,163373.0
2022-04-18,67259.0
2022-04-19,68180.0
2022-04-20,65084.0
2022-04-21,79344.0
2022-04-22,87104.0
2022-04-23,87508.0
2022-04-24,86908.0
2022-04-25,76681.0
2022-04-26,84847.0
2022-04-27,80052.0
2022-04-28,86916.0
2022-04-29,81380.0
2022-04-30,76515.0
2022-05-01,73142.0
2022-05-02,74695.0
2022-05-03,74479.0
2022-05-04,77684.0
2022-05-05,73775.0
2022-05-06,77290.0
2022-05-07,74304.0
2022-05-08,81795.0
2022-05-09,66030.0
2022-05-10,58400.0
2022-05-11,79743.0
2022-05-12,71974.0
2022-05-13,51870.0
2022-05-14,52253.0
2022-05-15,53150.0
2022-05-16,47842.0
2022-05-17,45183.0
2022-05-18,42231.0
2022-05-19,47336.0
2022-05-20,50512.0
2022-05-21,51192.0
2022-05-22,47519.0
2022-05-23,42662.0
2022-05-24,38712.0
2022-05-25,40227.0
2022-05-26,40916.0
2022-05-27,33347.0
2022-05-28,32340.0
2022-05-29,32264.0
2022-05-30,36599.0
2022-05-31,33784.0
2022-06-01,38994.0
2022-06-02,42778.0
2022-06-03,45862.0
2022-06-04,51604.0
2022-06-05,50388.0
2022-06-06,53264.0
2022-06-07,53699.0
2022-06-08,51791.0
2022-06-09,55530.0
2022-06-10,55984.0
2022-06-11,52557.0
2022-06-12,55570.0
2022-06-13,68975.0
2022-06-14,48664.0
2022-06-15,44932.0
2022-06-16,137162.0
2022-06-17,36350.0
2022-06-18,37106.0
2022-06-19,35127.0
2022-06-20,35396.0
2022-06-21,33204.0
2022-06-22,32681.0
2022-06-23,32393.0
2022-06-24,30930.0
2022-06-25,31561.0
2022-06-26,32361.0
2022-06-27,31285.0
2022-06-28,35706.0
2022-06-29,35818.0
2022-06-30,34471.0
2022-07-01,31122.0
2022-07-02,33770.0
2022-07-03,29320.0
2022-07-04,32479.0
2022-07-05,33085.0
2022-07-06,28950.0
2022-07-07,26988.0
2022-07-08,30891.0
2022-07-09,28221.0
2022-07-10,25956.0
2022-07-11,24997.0
2022-07-12,26001.0
2022-07-13,28327.0
2022-07-14,30013.0
2022-07-15,28186.0
2022-07-16,26747.0
2022-07-17,27382.0
2022-07-18,30300.0
2022-07-19,31669.0
2022-07-20,35302.0
2022-07-21,33267.0
2022-07-22,29158.0
2022-07-23,25904.0
2022-07-24,27601.0
2022-07-25,25884.0
2022-07-26,25094.0
2022-07-27,25128.0
2022-07-28,27650.0
2022-07-29,28603.0
2022-07-30,35003.0
2022-07-31,31517.0
2022-08-01,33215.0
2022-08-02,28618.0
2022-08-03,31136.0
2022-08-04,29337.0
2022-08-05,33659.0
2022-08-06,38496.0
2022-08-07,35530.0
2022-08-08,39270.0
2022-08-09,38585.0
2022-08-10,40223.0
2022-08-11,44479.0
2022-08-12,46043.0
2022-08-13,49325.0
2022-08-14,46382.0
2022-08-15,51562.0
2022-08-16,50949.0
2022-08-17,45570.0
2022-08-18,44937.0
2022-08-19,46068.0
2022-08-20,31538.0
2022-08-21,32582.0
2022-08-22,32102.0
2022-08-23,33899.0
2022-08-24,33497.0
2022-08-25,33896.0
2022-08-26,30926.0
2022-08-27,31812.0
2022-08-28,29774.0
2022-08-29,41339.0
2022-08-30,31369.0
2022-08-31,33756.0
2022-09-01,37036.0
2022-09-02,35298.0
2022-09-03,31797.0
2022-09-04,31369.0
2022-09-05,35090.0
2022-09-06,60313.0
2022-09-07,42291.0
2022-09-08,39814.0
2022-09-09,36314.0
2022-09-10,40578.0
2022-09-11,54221.0
2022-09-12,66319.0
2022-09-13,72641.0
2022-09-14,132919.0
2022-09-15,66150.0
2022-09-16,17673.0
2022-09-17,18786.0
2022-09-18,17768.0
2022-09-19,20357.0
2022-09-20,20110.0
2022-09-21,22475.0
2022-09-22,23044.0
2022-09-23,20997.0
2022-09-24,21060.0
2022-09-25,19820.0
2022-09-26,19908.0
2022-09-27,20319.0
2022-09-28,19461.0
2022-09-29,17933.0
2022-09-30,18949.0
2022-10-01,17192.0
2022-10-02,17856.0
2022-10-03,18857.0
2022-10-04,20191.0
2022-10-05,20735.0
2022-10-06,20513.0
2022-10-07,19926.0
2022-10-08,18925.0
2022-10-09,18819.0
2022-10-10,18641.0
2022-10-11,19789.0
2022-10-12,20285.0
2022-10-13,20575.0
2022-10-14,19626.0
2022-10-15,20301.0
2022-10-16,18166.0
2022-10-17,20311.0
2022-10-18,21051.0
2022-10-19,19983.0
2022-10-20,18665.0
2022-10-21,17347.0
2022-10-22,18467.0
2022-10-23,20669.0
2022-10-24,18137.0
2022-10-25,19285.0
2022-10-26,20738.0
2022-10-27,19432.0
2022-10-28,20072.0
2022-10-29,21317.0
2022-10-30,20450.0
2022-10-31,21195.0
2022-11-01,21953.0
2022-11-02,21080.0
2022-11-03,20796.0
2022-11-04,26317.0
2022-11-05,23789.0
2022-11-06,24503.0
2022-11-07,25300.0
2022-11-08,24641.0
2022-11-09,30672.0
2022-11-10,33354.0
2022-11-11,23122.0
2022-11-12,24263.0
2022-11-13,19144.0
2022-11-14,20487.0
2022-11-15,17353.0
2022-11-16,18101.0
2022-11-17,21126.0
2022-11-18,18337.0
2022-11-19,18504.0
2022-11-20,22486.0
2022-11-21,20831.0
2022-11-22,64405.0
2022-11-23,33462.0
2022-11-24,23891.0
2022-11-25,25590.0
2022-11-26,21898.0
2022-11-27,17886.0
2022-11-28,17003.0
2022-11-29,16033.0
2022-11-30,17461.0
2022-12-01,16331.0
2022-12-02,23045.0
2022-12-03,15506.0
2022-12-04,15536.0
2022-12-05,16767.0
2022-12-06,17125.0
2022-12-07,16581.0
2022-12-08,17939.0
2022-12-09,15948.0
2022-12-10,16148.0
2022-12-11,16647.0
2022-12-12,16831.0
2022-12-13,17011.0
2022-12-14,16396.0
2022-12-15,16286.0
2022-12-16,19797.0
2022-12-17,16333.0
2022-12-18,16343.0
2022-12-19,20667.0
2022-12-20,20963.0
2022-12-21,20609.0
2022-12-22,19669.0
2022-12-23,19323.0
2022-12-24,19641.0
2022-12-25,18678.0
2022-12-26,19118.0
2022-12-27,18539.0
2022-12-28,18647.0
2022-12-29,18197.0
2022-12-30,17683.0
2022-12-31,18246.0
2023-01-01,17798.0
2023-01-02,17953.0
2023-01-03,18303.0
2023-01-04,18775.0
2023-01-05,18147.0
2023-01-06,19239.0
2023-01-07,18622.0
2023-01-08,18033.0
2023-01-09,19111.0
2023-01-10,19632.0
2023-01-11,18646.0
2023-01-12,20810.0
2023-01-13,19920.0
2023-01-14,21077.0
2023-01-15,26175.0
2023-01-16,21232.0
2023-01-17,21134.0
2023-01-18,21684.0
2023-01-19,21424.0
2023-01-20,21883.0
2023-01-21,21395.0
2023-01-22,21493.0
2023-01-23,22303.0
2023-01-24,21162.0
2023-01-25,21787.0
2023-01-26,21215.0
2023-01-27,21621.0
2023-01-28,21823.0
2023-01-29,21223.0
2023-01-30,21940.0
2023-01-31,20980.0
2023-02-01,24431.0
2023-02-02,26589.0
2023-02-03,22332.0
2023-02-04,22803.0
2023-02-05,23048.0
2023-02-06,24518.0
2023-02-07,23417.0
2023-02-08,23862.0
2023-02-09,24509.0
2023-02-10,22441.0
2023-02-11,21728.0
2023-02-12,21457.0
2023-02-13,22443.0
2023-02-14,23014.0
2023-02-15,24807.0
2023-02-16,28053.0
2023-02-17,23021.0
2023-02-18,24034.0
2023-02-19,23460.0
2023-02-20,23107.0
2023-02-21,24139.0
2023-02-22,23808.0
2023-02-23,23582.0
2023-02-24,24250.0
2023-02-25,23504.0
2023-02-26,22658.0
2023-02-27,22938.0
2023-02-28,22374.0
2023-03-01,24184.0
2023-03-02,24101.0
2023-03-03,25706.0
2023-03-04,20604.0
2023-03-05,21006.0
2023-03-06,20520.0
2023-03-07,20902.0
2023-03-08,22020.0
2023-03-09,27081.0
2023-03-10,24438.0
2023-03-11,109364.0
2023-03-12,113535.0
2023-03-13,118944.0
2023-03-14,45568.0
2023-03-15,33598.0
2023-03-16,30743.0
2023-03-17,39259.0
2023-03-18,26830.0
2023-03-19,27082.0
2023-03-20,29925.0
2023-03-21,27722.0
2023-03-22,27617.0
2023-03-23,27397.0
2023-03-24,27403.0
2023-03-25,24724.0
2023-03-26,24697.0
2023-03-27,27434.0
2023-03-28,24273.0
2023-03-29,25237.0
2023-03-30,26115.0
2023-03-31,25855.0
2023-04-01,25737.0
2023-04-02,26130.0
2023-04-03,26670.0
2023-04-04,27505.0
2023-04-05,28151.0
2023-04-06,27232.0
2023-04-07,26352.0
2023-04-08,27219.0
2023-04-09,26478.0
2023-04-10,27386.0
2023-04-11,27045.0
2023-04-12,27773.0
2023-04-13,30584.0
2023-04-14,32317.0
2023-04-15,31039.0
2023-04-16,30028.0
2023-04-17,28687.0
2023-04-18,29277.0
2023-04-19,28447.0
2023-04-20,28852.0
2023-04-21,29318.0
2023-04-22,26277.0
2023-04-23,27878.0
2023-04-24,27024.0
2023-04-25,27295.0
2023-04-26,27380.0
2023-04-27,27407.0
2023-04-28,32140.0
2023-04-29,26436.0
2023-04-30,29548.0
2023-05-01,28505.0
2023-05-02,26907.0
2023-05-03,28854.0
2023-05-04,28294.0
2023-05-05,27505.0
2023-05-06,28068.0
2023-05-07,27202.0
2023-05-08,34977.0
2023-05-09,27328.0
2023-05-10,30030.0
2023-05-11,29356.0
2023-05-12,30052.0
2023-05-13,30302.0
2023-05-14,29559.0
2023-05-15,29125.0
2023-05-16,29728.0
2023-05-17,30097.0
2023-05-18,30569.0
2023-05-19,28596.0
2023-05-20,29792.0
2023-05-21,29371.0
2023-05-22,28709.0
2023-05-23,30158.0
2023-05-24,29308.0
2023-05-25,29197.0
2023-05-26,31633.0
2023-05-27,29912.0
2023-05-28,31078.0
2023-05-29,30081.0
2023-05-30,29838.0
2023-05-31,32500.0
2023-06-01,30944.0
2023-06-02,34140.0
2023-06-03,32187.0
2023-06-04,32002.0
2023-06-05,40489.0
2023-06-06,32358.0
2023-06-07,33237.0
2023-06-08,31344.0
2023-06-09,32360.0
2023-06-10,64962.0
2023-06-11,28474.0
2023-06-12,49491.0
2023-06-13,29386.0
2023-06-14,29811.0
2023-06-15,34511.0
2023-06-16,30739.0
2023-06-17,32969.0
2023-06-18,28793.0
2023-06-19,28496.0
2023-06-20,30964.0
2023-06-21,31486.0
2023-06-22,30266.0
2023-06-23,31811.0
2023-06-24,31333.0
2023-06-25,32975.0
2023-06-26,32986.0
2023-06-27,32671.0
2023-06-28,31146.0
2023-06-29,31107.0
2023-06-30,33349.0
2023-07-01,32696.0
2023-07-02,31979.0
2023-07-03,31941.0
2023-07-04,33434.0
2023-07-05,28859.0
2023-07-06,30779.0
2023-07-07,29178.0
2023-07-08,28425.0
2023-07-09,30292.0
2023-07-10,28802.0
2023-07-11,37643.0
2023-07-12,39135.0
2023-07-13,43520.0
2023-07-14,46927.0
2023-07-15,37278.0
2023-07-16,38930.0
2023-07-17,38581.0
2023-07-18,36173.0
2023-07-19,40151.0
2023-07-20,41285.0
2023-07-21,42735.0
2023-07-22,37954.0
2023-07-23,36704.0
2023-07-24,39006.0
2023-07-25,34620.0
2023-07-26,37678.0
2023-07-27,36231.0
2023-07-28,36411.0
2023-07-29,39454.0
2023-07-30,61176.0
2023-07-31,125941.0
2023-08-01,104408.0
2023-08-02,76469.0
2023-08-03,74041.0
2023-08-04,55686.0
2023-08-05,63677.0
2023-08-06,50883.0
2023-08-07,50151.0
2023-08-08,43044.0
2023-08-09,44964.0
2023-08-10,45189.0
2023-08-11,67614.0
2023-08-12,46593.0
2023-08-13,38796.0
2023-08-14,41059.0
2023-08-15,43813.0
2023-08-16,36619.0
2023-08-17,95452.0
2023-08-18,33329.0
2023-08-19,31222.0
2023-08-20,31160.0
2023-08-21,30909.0
2023-08-22,33612.0
2023-08-23,32816.0
2023-08-24,34240.0
2023-08-25,31097.0
2023-08-26,28594.0
2023-08-27,30662.0
2023-08-28,31646.0
2023-08-29,47431.0
2023-08-30,38070.0
2023-08-31,39424.0
2023-09-01,36543.0
2023-09-02,34862.0
2023-09-03,39057.0
2023-09-04,36180.0
2023-09-05,37814.0
2023-09-06,35147.0
2023-09-07,34230.0
2023-09-08,33571.0
2023-09-09,33173.0
2023-09-10,38289.0
2023-09-11,41365.0
2023-09-12,38551.0
2023-09-13,40791.0
2023-09-14,37491.0
2023-09-15,38484.0
2023-09-16,38394.0
2023-09-17,44410.0
2023-09-18,51499.0
2023-09-19,40338.0
2023-09-20,40589.0
2023-09-21,38931.0
2023-09-22,39520.0
2023-09-23,41176.0
2023-09-24,41463.0
2023-09-25,40777.0
2023-09-26,42854.0
2023-09-27,43445.0
2023-09-28,45817.0
2023-09-29,44190.0
2023-09-30,84771.0
2023-10-01,48466.0
2023-10-02,48588.0
2023-10-03,46835.0
2023-10-04,46860.0
2023-10-05,50364.0
2023-10-06,46942.0
2023-10-07,47892.0
2023-10-08,49884.0
2023-10-09,49159.0
2023-10-10,47508.0
2023-10-11,45421.0
2023-10-12,51827.0
2023-10-13,43127.0
2023-10-14,38843.0
2023-10-15,41185.0
2023-10-16,48716.0
2023-10-17,51761.0
2023-10-18,54610.0
2023-10-19,46865.0
2023-10-20,49133.0
2023-10-21,44689.0
2023-10-22,42235.0
2023-10-23,67203.0
2023-10-24,58544.0
2023-10-25,61549.0
2023-10-26,57452.0
2023-10-27,55079.0
2023-10-28,61033.0
2023-10-29,52195.0
2023-10-30,63516.0
2023-10-31,48738.0
2023-11-01,54779.0
2023-11-02,66948.0
2023-11-03,56755.0
2023-11-04,52037.0
2023-11-05,33139.0
2023-11-06,33931.0
2023-11-07,29445.0
2023-11-08,26356.0
2023-11-09,36433.0
2023-11-10,28673.0
2023-11-11,31678.0
2023-11-12,39371.0
2023-11-13,346805.0
2023-11-14,97225.0
2023-11-15,75196.0
2023-11-16,79494.0
2023-11-17,63263.0
2023-11-18,64176.0
2023-11-19,55820.0
2023-11-20,69724.0
2023-11-21,60846.0
2023-11-22,72291.0
2023-11-23,61383.0
2023-11-24,57378.0
2023-11-25,57175.0
2023-11-26,62674.0
2023-11-27,73671.0
2023-11-28,64561.0
2023-11-29,72389.0
2023-11-30,65891.0
2023-12-01,85246.0
2023-12-02,90346.0
2023-12-03,80905.0
2023-12-04,76752.0
2023-12-05,76892.0
2023-12-06,76988.0
2023-12-07,81339.0
2023-12-08,90867.0
2023-12-09,104774.0
2023-12-10,83489.0
2023-12-11,102067.0
2023-12-12,114676.0
2023-12-13,113295.0
2023-12-14,108249.0
2023-12-15,99843.0
2023-12-16,130011.0
2023-12-17,81696.0
2023-12-18,87759.0
2023-12-19,96267.0
2023-12-20,104173.0
2023-12-21,100209.0
2023-12-22,106970.0
2023-12-23,95300.0
2023-12-24,100304.0
2023-12-25,97884.0
2023-12-26,102606.0
2023-12-27,111588.0
2023-12-28,129022.0
2023-12-29,109980.0
2023-12-30,97761.0
2023-12-31,91259.0
2024-01-01,98982.0
2024-01-02,113942.0
2024-01-03,143402.0
2024-01-04,86630.0
2024-01-05,77438.0
2024-01-06,75953.0
2024-01-07,87987.0
2024-01-08,95752.0
2024-01-09,87295.0
2024-01-10,104369.0
2024-01-11,115150.0
2024-01-12,114195.0
2024-01-13,100379.0
2024-01-14,86982.0
2024-01-15,103787.0
2024-01-16,106634.0
2024-01-17,106499.0
2024-01-18,104801.0
2024-01-19,101484.0
2024-01-20,99943.0
2024-01-21,87951.0
2024-01-22,125889.0
2024-01-23,114020.0
2024-01-24,74106.0
2024-01-25,77770.0
2024-01-26,70840.0
2024-01-27,69254.0
2024-01-28,75733.0
2024-01-29,69846.0
2024-01-30,79579.0
2024-01-31,88944.0
2024-02-01,81183.0
2024-02-02,81228.0
2024-02-03,70809.0
2024-02-04,72869.0
2024-02-05,82669.0
2024-02-06,75463.0
2024-02-07,80294.0
2024-02-08,88804.0
2024-02-09,115926.0
2024-02-10,95328.0
2024-02-11,133608.0
2024-02-12,120722.0
2024-02-13,112410.0
2024-02-14,123656.0
2024-02-15,125788.0
2024-02-16,125296.0
2024-02-17,117501.0
2024-02-18,116723.0
2024-02-19,119272.0
2024-02-20,127560.0
2024-02-21,106642.0
2024-02-22,113252.0
2024-02-23,107030.0
2024-02-24,101943.0
2024-02-25,102923.0
2024-02-26,109676.0
2024-02-27,129912.0
2024-02-28,118362.0
2024-02-29,131273.0
2024-03-01,129075.0
2024-03-02,158258.0
2024-03-03,183518.0
2024-03-04,185391.0
2024-03-05,184635.0
2024-03-06,189531.0
2024-03-07,172188.0
2024-03-08,184115.0
2024-03-09,136685.0
2024-03-10,192120.0
2024-03-11,225854.0
2024-03-12,241508.0
2024-03-13,201381.0
2024-03-14,242400.0
2024-03-15,210005.0
2024-03-16,183064.0
2024-03-17,242727.0
2024-03-18,159286.0
2024-03-19,257611.0
2024-03-20,190655.0
2024-03-21,161895.0
2024-03-22,149753.0
2024-03-23,144641.0
2024-03-24,158710.0
2024-03-25,180463.0
2024-03-26,178188.0
2024-03-27,176684.0
2024-03-28,212119.0
2024-03-29,194765.0
2024-03-30,245662.0
2024-03-31,202859.0
2024-04-01,181356.0
2024-04-02,201867.0
2024-04-03,143912.0
2024-04-04,174662.0
2024-04-05,196916.0
2024-04-06,167656.0
2024-04-07,171783.0
2024-04-08,193100.0
2024-04-09,193748.0
2024-04-10,212711.0
2024-04-11,207476.0
2024-04-12,286805.0
2024-04-13,506970.0
2024-04-14,193619.0
2024-04-15,195897.0
2024-04-16,163887.0
2024-04-17,189546.0
2024-04-18,171288.0
2024-04-19,167423.0
2024-04-20,157581.0
2024-04-21,148967.0
2024-04-22,154813.0
2024-04-23,156636.0
2024-04-24,157431.0
2024-04-25,157092.0
2024-04-26,153470.0
2024-04-27,163349.0
2024-04-28,157516.0
2024-04-29,157886.0
2024-04-30,176111.0
2024-05-01,173229.0
2024-05-02,153841.0
2024-05-03,167501.0
2024-05-04,153524.0
2024-05-05,162206.0
2024-05-06,139243.0
2024-05-07,139621.0
2024-05-08,149614.0
2024-05-09,141909.0
2024-05-10,135595.0
2024-05-11,145860.0
2024-05-12,147202.0
2024-05-13,152486.0
2024-05-14,168207.0
2024-05-15,179013.0
2024-05-16,169694.0
2024-05-17,162347.0
2024-05-18,150509.0
2024-05-19,145547.0
2024-05-20,215856.0
2024-05-21,186681.0
2024-05-22,199048.0
2024-05-23,203144.0
2024-05-24,201789.0
2024-05-25,184872.0
2024-05-26,199833.0
2024-05-27,181380.0
2024-05-28,178251.0
2024-05-29,190519.0
2024-05-30,190288.0
2024-05-31,188310.0
2024-06-01,186906.0
2024-06-02,181216.0
2024-06-03,200282.0
2024-06-04,182599.0
2024-06-05,272317.0
2024-06-06,265227.0
2024-06-07,259758.0
2024-06-08,218502.0
2024-06-09,212846.0
2024-06-10,841262.0
2024-06-11,229436.0
2024-06-12,226472.0
2024-06-13,231577.0
2024-06-14,287981.0
2024-06-15,209892.0
2024-06-16,219383.0
2024-06-17,218640.0
2024-06-18,233192.0
2024-06-19,220320.0
2024-06-20,222473.0
2024-06-21,213956.0
2024-06-22,232681.0
2024-06-23,203528.0
2024-06-24,217036.0
2024-06-25,203955.0
2024-06-26,214900.0
2024-06-27,234338.0
2024-06-28,229963.0
2024-06-29,220886.0
2024-06-30,219916.0
2024-07-01,189421.0
2024-07-02,192894.0
2024-07-03,191616.0
2024-07-04,214814.0
2024-07-05,365107.0
2024-07-06,183670.0
2024-07-07,170442.0
2024-07-08,176232.0
2024-07-09,158779.0
2024-07-10,170875.0
2024-07-11,159044.0
2024-07-12,158051.0
2024-07-13,158450.0
2024-07-14,157322.0
2024-07-15,175563.0
2024-07-16,170679.0
2024-07-17,161462.0
2024-07-18,171496.0
2024-07-19,174424.0
2024-07-20,170598.0
2024-07-21,178189.0
2024-07-22,178688.0
2024-07-23,197871.0
2024-07-24,190351.0
2024-07-25,177860.0
2024-07-26,158126.0
2024-07-27,164124.0
2024-07-28,167543.0
2024-07-29,173756.0
2024-07-30,176931.0
2024-07-31,180397.0
2024-08-01,175620.0
2024-08-02,189452.0
2024-08-03,184723.0
2024-08-04,243592.0
2024-08-05,1586249.0
2024-08-06,120787.0
2024-08-07,120803.0
2024-08-08,121911.0
2024-08-09,121588.0
2024-08-10,129097.0
2024-08-11,130939.0
2024-08-12,132440.0
2024-08-13,120976.0
2024-08-14,136381.0
2024-08-15,134931.0
2024-08-16,148784.0
2024-08-17,135781.0
2024-08-18,165842.0
2024-08-19,147256.0
2024-08-20,149092.0
2024-08-21,136635.0
2024-08-22,143176.0
2024-08-23,150094.0
2024-08-24,146356.0
2024-08-25,151786.0
2024-08-26,150927.0
2024-08-27,173107.0
2024-08-28,143567.0
2024-08-29,136379.0
2024-08-30,138010.0
2024-08-31,133860.0
2024-09-01,138449.0
2024-09-02,145925.0
2024-09-03,150219.0
2024-09-04,162588.0
2024-09-05,146301.0
2024-09-06,198402.0
2024-09-07,127261.0
2024-09-08,127175.0
2024-09-09,129503.0
2024-09-10,123438.0
2024-09-11,123779.0
2024-09-12,120993.0
2024-09-13,122617.0
2024-09-14,125628.0
2024-09-15,126384.0
2024-09-16,132691.0
2024-09-17,132269.0
2024-09-18,135461.0
2024-09-19,134663.0
2024-09-20,138836.0
2024-09-21,143996.0
2024-09-22,137569.0
2024-09-23,134733.0
2024-09-24,141500.0
2024-09-25,141846.0
2024-09-26,143830.0
2024-09-27,146597.0
2024-09-28,126613.0
2024-09-29,126247.0
2024-09-30,133521.0
2024-10-01,157735.0
2024-10-02,146494.0
2024-10-03,153774.0
2024-10-04,139521.0
2024-10-05,137662.0
2024-10-06,130437.0
2024-10-07,137875.0
2024-10-08,10558.0
2024-10-09,175087.0
2024-10-10,151063.0
2024-10-11,154413.0
2024-10-12,144836.0
2024-10-13,142814.0
2024-10-14,165292.0
2024-10-15,160325.0
2024-10-16,159201.0
2024-10-17,155515.0
2024-10-18,171344.0
2024-10-19,175702.0
2024-10-20,171632.0
2024-10-21,191399.0
2024-10-22,183297.0
2024-10-23,185033.0
2024-10-24,197930.0
2024-10-25,196443.0
2024-10-26,165461.0
2024-10-27,170967.0
2024-10-28,176768.0
2024-10-29,191577.0
2024-10-30,171827.0
2024-10-31,173816.0
2024-11-01,175574.0
2024-11-02,169922.0
2024-11-03,170238.0
2024-11-04,170857.0
2024-11-05,178792.0
2024-11-06,223797.0
2024-11-07,253925.0
2024-11-08,276438.0
2024-11-09,223522.0
2024-11-10,218862.0
2024-11-11,267961.0
2024-11-12,317708.0
2024-11-13,268377.0
2024-11-14,225617.0
2024-11-15,229677.0
2024-11-16,222157.0
2024-11-17,222299.0
2024-11-18,253154.0
2024-11-19,285083.0
2024-11-20,302030.0
2024-11-21,289550.0
2024-11-22,334928.0
2024-11-23,304619.0
2024-11-24,304910.0
2024-11-25,258168.0
2024-11-26,311787.0
2024-11-27,331555.0
2024-11-28,307385.0
2024-11-29,356526.0
2024-11-30,310799.0
2024-12-01,330638.0
2024-12-02,464945.0
2024-12-03,423926.0
2024-12-04,429854.0
2024-12-05,586736.0
2024-12-06,523427.0
2024-12-07,366778.0
2024-12-08,388144.0
2024-12-09,682573.0
2024-12-10,424380.0
2024-12-11,457264.0
2024-12-12,435624.0
2024-12-13,383603.0
2024-12-14,380687.0
2024-12-15,410621.0
2024-12-16,456194.0
2024-12-17,378486.0
2024-12-18,457929.0
2024-12-19,456944.0
2024-12-20,491038.0
2024-12-21,412516.0
2024-12-22,399846.0
2024-12-23,411403.0
2024-12-24,390967.0
2024-12-25,386910.0
2024-12-26,392275.0
2024-12-27,377828.0
2024-12-28,380966.0
2024-12-29,371053.0
2024-12-30,390077.0
2024-12-31,373271.0
2025-01-01,349245.0
2025-01-02,379110.0
2025-01-03,372597.0
2025-01-04,375818.0
2025-01-05,384973.0
2025-01-06,380192.0
2025-01-07,425674.0
2025-01-08,416925.0
2025-01-09,390139.0
2025-01-10,362556.0
2025-01-11,352569.0
2025-01-12,351448.0
2025-01-13,412820.0
2025-01-14,337785.0
2025-01-15,354116.0
2025-01-16,332515.0
2025-01-17,355053.0
2025-01-18,342130.0
2025-01-19,370741.0
2025-01-20,380953.0
2025-01-21,376578.0
2025-01-22,358423.0
2025-01-23,369304.0
2025-01-24,355876.0
2025-01-25,347292.0
2025-01-26,341422.0
2025-01-27,434140.0
2025-01-28,344106.0
2025-01-29,321163.0
2025-01-30,326252.0
2025-01-31,319952.0
2025-02-01,305477.0
2025-02-02,445000.0
2025-02-03,1717697.0
2025-02-04,341684.0
2025-02-05,289902.0
2025-02-06,274925.0
2025-02-07,281258.0
2025-02-08,268444.0
2025-02-09,264677.0
2025-02-10,257514.0
2025-02-11,251885.0
2025-02-12,248718.0
2025-02-13,223704.0
2025-02-14,223151.0
2025-02-15,217274.0
2025-02-16,225727.0
2025-02-17,230074.0
2025-02-18,227826.0
2025-02-19,228363.0
2025-02-20,227850.0
2025-02-21,248804.0
2025-02-22,259408.0
2025-02-23,238790.0
2025-02-24,283962.0
2025-02-25,481029.0
2025-02-26,380696.0
2025-02-27,264254.0
2025-02-28,486241.0
2025-03-01,208769.0
2025-03-02,235681.0
2025-03-03,255771.0
2025-03-04,337550.0
2025-03-05,206579.0
2025-03-06,204337.0
2025-03-07,213563.0
2025-03-08,195813.0
2025-03-09,230562.0
2025-03-10,495124.0
2025-03-11,310794.0
2025-03-12,193913.0
2025-03-13,178982.0
2025-03-14,174199.0
2025-03-15,171676.0
2025-03-16,180068.0
2025-03-17,177358.0
2025-03-18,195032.0
2025-03-19,191409.0
2025-03-20,163388.0
2025-03-21,169688.0
2025-03-22,170229.0
2025-03-23,172581.0
2025-03-24,170305.0
2025-03-25,175114.0
2025-03-26,169261.0
2025-03-27,169968.0
2025-03-28,188138.0
2025-03-29,177798.0
2025-03-30,169804.0
2025-03-31,168303.0
2025-04-01,169402.0
2025-04-02,177147.0
2025-04-03,174478.0
2025-04-04,159308.0
2025-04-05,154658.0
2025-04-06,445651.0
2025-04-07,527028.0
2025-04-08,158000.0
2025-04-09,194994.0
2025-04-10,153435.0
2025-04-11,145260.0
2025-04-12,156988.0
2025-04-13,157455.0
2025-04-14,147921.0
2025-04-15,146755.0
2025-04-16,147344.0
2025-04-17,141834.0
2025-04-18,141502.0
2025-04-19,139493.0
2025-04-20,142761.0
2025-04-21,158537.0
2025-04-22,164145.0
2025-04-23,154454.0
2025-04-24,155952.0
2025-04-25,153818.0
2025-04-26,152820.0
2025-04-27,154336.0
2025-04-28,154183.0
2025-04-29,150391.0
2025-04-30,151170.0
2025-05-01,155138.0
2025-05-02,162782.0
2025-05-03,163638.0
2025-05-04,161832.0
2025-05-05,165081.0
2025-05-06,169333.0
2025-05-07,173803.0
2025-05-08,198258.0
2025-05-09,202738.0
2025-05-10,203174.0
2025-05-11,210291.0
2025-05-12,213293.0
2025-05-13,229872.0
2025-05-14,238801.0
2025-05-15,244872.0
2025-05-16,220299.0
2025-05-17,216498.0
2025-05-18,247785.0
2025-05-19,224687.0
2025-05-20,226799.0
2025-05-21,235907.0
2025-05-22,232104.0
2025-05-23,234996.0
2025-05-24,224110.0
2025-05-25,227650.0
2025-05-26,221668.0
2025-05-27,233684.0
2025-05-28,240686.0
2025-05-29,243477.0
2025-05-30,242502.0
2025-05-31,242018.0
2025-06-01,245578.0
2025-06-02,253387.0
2025-06-03,250952.0
2025-06-04,253214.0
2025-06-05,335511.0
2025-06-06,250636.0
2025-06-07,253092.0
2025-06-08,258520.0
2025-06-09,304342.0
2025-06-10,268758.0
2025-06-11,276809.0
2025-06-12,272362.0
2025-06-13,293815.0
2025-06-14,260572.0
2025-06-15,256631.0
2025-06-16,267837.0
2025-06-17,257812.0
2025-06-18,247770.0
2025-06-19,246579.0
2025-06-20,252721.0
2025-06-21,276406.0
2025-06-22,304813.0
2025-06-23,268481.0
2025-06-24,246119.0
2025-06-25,241232.0
2025-06-26,239925.0
2025-06-27,230199.0
2025-06-28,230310.0
2025-06-29,236575.0
2025-06-30,232498.0
2025-07-01,235184.0
2025-07-02,243097.0
2025-07-03,256033.0
2025-07-04,256253.0
2025-07-05,254468.0
2025-07-06,262625.0
2025-07-07,261500.0
2025-07-08,279059.0
2025-07-09,276736.0
2025-07-10,298124.0
2025-07-11,306931.0
2025-07-12,299386.0
2025-07-13,299310.0
2025-07-14,343693.0
2025-07-15,383164.0
2025-07-16,456032.0
2025-07-17,428935.0
2025-07-18,475201.0
2025-07-19,329660.0
2025-07-20,409748.0
2025-07-21,485655.0
2025-07-22,496341.0
2025-07-23,407411.0
2025-07-24,350732.0
2025-07-25,358865.0
2025-07-26,345611.0
2025-07-27,371227.0
2025-07-28,368271.0
2025-07-29,374678.0
2025-07-30,380678.0
2025-07-31,402562.0
2025-08-01,453313.0
2025-08-02,414133.0
2025-08-03,418768.0
2025-08-04,407671.0
2025-08-05,404768.0
2025-08-06,434482.0
2025-08-07,436701.0
2025-08-08,445383.0
2025-08-09,463212.0
2025-08-10,457190.0
2025-08-11,436264.0
2025-08-12,517731.0
2025-08-13,567550.0
2025-08-14,580349.0
2025-08-15,599924.0
2025-08-16,527598.0
2025-08-17,567705.0
2025-08-18,568695.0
2025-08-19,570646.0
2025-08-20,536427.0
2025-08-21,484502.0
2025-08-22,546090.0
2025-08-23,493783.0
2025-08-24,515141.0
2025-08-25,525740.0
2025-08-26,504592.0
2025-08-27,483264.0
2025-08-28,491130.0
2025-08-29,534122.0
2025-08-30,469382.0
2025-08-31,472815.0
2025-09-01,478026.0
2025-09-02,529156.0
2025-09-03,485215.0
2025-09-04,503665.0
2025-09-05,508664.0
2025-09-06,481986.0
2025-09-07,473038.0
2025-09-08,482366.0
2025-09-09,498005.0
2025-09-10,498361.0
2025-09-11,520567.0
2025-09-12,534964.0
2025-09-13,532412.0
2025-09-14,505559.0
2025-09-15,548655.0
2025-09-16,600213.0
2025-09-17,555550.0
2025-09-18,569630.0
2025-09-19,544446.0
2025-09-20,521875.0
2025-09-21,527089.0
2025-09-22,654364.0
2025-09-23,517347.0
2025-09-24,514771.0
2025-09-25,491721.0
2025-09-26,510204.0
2025-09-27,445318.0
2025-09-28,455141.0
2025-09-29,451259.0
2025-09-30,456834.0
2025-10-01,463809.0
2025-10-02,472486.0
2025-10-03,473677.0
2025-10-04,459673.0
2025-10-05,462723.0
2025-10-06,469449.0
2025-10-07,473182.0
2025-10-08,483788.0
2025-10-09,490139.0
2025-10-10,1793370.0
2025-10-11,527205.0
2025-10-12,553438.0
2025-10-13,443883.0
2025-10-14,463656.0
2025-10-15,426807.0
2025-10-16,445838.0
2025-10-17,465349.0
2025-10-18,394443.0
2025-10-19,406721.0
2025-10-20,408808.0
2025-10-21,433205.0
2025-10-22,434172.0
2025-10-23,421012.0
2025-10-24,415552.0
2025-10-25,387013.0
2025-10-26,396771.0
2025-10-27,397279.0
2025-10-28,406635.0
2025-10-29,408538.0
2025-10-30,420293.0
2025-10-31,388926.0
2025-11-01,371980.0
2025-11-02,375216.0
2025-11-03,414975.0
2025-11-04,1042926.0
2025-11-05,398419.0
2025-11-06,374889.0
2025-11-07,405659.0
2025-11-08,396393.0
2025-11-09,390296.0
2025-11-10,375445.0
2025-11-11,369658.0
2025-11-12,366141.0
2025-11-13,419749.0
2025-11-14,390444.0
2025-11-15,327381.0
2025-11-16,596313.0
2025-11-17,391246.0
2025-11-18,364241.0
2025-11-19,400845.0
2025-11-20,544093.0
2025-11-21,729194.0
2025-11-22,297080.0
2025-11-23,303260.0
2025-11-24,306677.0
2025-11-25,294287.0
2025-11-26,289750.0
2025-11-27,283283.0
2025-11-28,278256.0
2025-11-29,276788.0
2025-11-30,281491.0
2025-12-01,316297.0
2025-12-02,302519.0
2025-12-03,293450.0
2025-12-04,290893.0
2025-12-05,284217.0
2025-12-06,266473.0
2025-12-07,272741.0
2025-12-08,287789.0
2025-12-09,309567.0
2025-12-10,301743.0
2025-12-11,300763.0
2025-12-12,297453.0
2025-12-13,287821.0
2025-12-14,279146.0
2025-12-15,297104.0
2025-12-16,277233.0
2025-12-17,275177.0
2025-12-18,270052.0
2025-12-19,269675.0
2025-12-20,277354.0
2025-12-21,264645.0
2025-12-22,273007.0
2025-12-23,268814.0
2025-12-24,264485.0
2025-12-25,264792.0
2025-12-26,264793.0
2025-12-27,260360.0
2025-12-28,272805.0
2025-12-29,262612.0
2025-12-30,276274.0
2025-12-31,278891.0
2026-01-01,273383.0
2026-01-02,281826.0
2026-01-03,276628.0
2026-01-04,281558.0
2026-01-05,284186.0
2026-01-06,274692.0
2026-01-07,273705.0
2026-01-08,285635.0
2026-01-09,272383.0
2026-01-10,272102.0
2026-01-11,279709.0
2026-01-12,289711.0
2026-01-13,288634.0
2026-01-14,293185.0
2026-01-15,299710.0
2026-01-16,290106.0
2026-01-17,289310.0
2026-01-18,286254.0
2026-01-19,324296.0
2026-01-20,419040.0
2026-01-21,311700.0
2026-01-22,308228.0
2026-01-23,304342.0
2026-01-24,300538.0
2026-01-25,311643.0
2026-01-26,301140.0
2026-01-27,310689.0
2026-01-28,317598.0
2026-01-29,361914.0
2026-01-30,352398.0
2026-01-31,1105485.0
2026-02-01,362786.0
2026-02-02,518396.0
2026-02-03,443707.0
2026-02-04,317986.0
2026-02-05,1097872.0
2026-02-06,977186.0
2026-02-07,297646.0
2026-02-08,244595.0
2026-02-09,244503.0
2026-02-10,238400.0
2026-02-11,231069.0
2026-02-12,219916.0
2026-02-13,224685.0
2026-02-14,262679.0
2026-02-15,317226.0
2026-02-16,247719.0
2026-02-17,234809.0
2026-02-18,215335.0
2026-02-19,217466.0
2026-02-20,213775.0
2026-02-21,207856.0
2026-02-22,206471.0
2026-02-23,213246.0
2026-02-24,215559.0
2026-02-25,248695.0
2026-02-26,209240.0
2026-02-27,209618.0
2026-02-28,212286.0
2026-03-01,203827.0
2026-03-02,224114.0
2026-03-03,216678.0
2026-03-04,237936.0
2026-03-05,218959.0
2026-03-06,211151.0
2026-03-07,194642.0
2026-03-08,199007.0
2026-03-09,187776.0
2026-03-10,340540.0
2026-03-11,194253.0
2026-03-12,186723.0
2026-03-13,199625.0
2026-03-14,186956.0
2026-03-15,192937.0
2026-03-16,217760.0
2026-03-17,198026.0
2026-03-18,196645.0
2026-03-19,206410.0
2026-03-20,193815.0
2026-03-21,191968.0
2026-03-22,196039.0
2026-03-23,197773.0
2026-03-24,189672.0
2026-03-25,193587.0
2026-03-26,198043.0
2026-03-27,245919.0
2026-03-28,193703.0
2026-03-29,193175.0
2026-03-30,195764.0
2026-03-31,195225.0
2026-04-01,209683.0
2026-04-02,202243.0
2026-04-03,192818.0
2026-04-04,193264.0
2026-04-05,194142.0
2026-04-06,200675.0
2026-04-07,212169.0
2026-04-08,213466.0
2026-04-09,200946.0
2026-04-10,207076.0
2026-04-11,203584.0
2026-04-12,202930.0
2026-04-13,207195.0
2026-04-14,215629.0
2026-04-15,217145.0
2026-04-16,210061.0
2026-04-17,227108.0
2026-04-18,267601.0
2026-04-19,675655.0
2026-04-20,607512.0
2026-04-21,519635.0
2026-04-22,435497.0
2026-04-23,391686.0
2026-04-24,345726.0
2026-04-25,305050.0
2026-04-26,283553.0
2026-04-27,272933.0
2026-04-28,270073.0
2026-04-29,246142.0
2026-04-30,259630.0
2026-05-01,222081.0
2026-05-02,202059.0
2026-05-03,213483.0
2026-05-04,218659.0
2026-05-05,225690.0
2026-05-06,1692980.0
2026-05-07,180029.0
2026-05-08,165329.0
2026-05-09,180067.0
2026-05-10,164590.0
2026-05-11,160899.0
2026-05-12,161275.0
2026-05-13,160539.0
2026-05-14,155802.0
2026-05-15,162212.0
2026-05-16,154142.0
2026-05-17,150841.0
2026-05-18,153387.0
2026-05-19,151288.0
2026-05-20,155200.0
2026-05-21,154224.0
2026-05-22,163143.0
2026-05-23,154109.0
2026-05-24,147567.0
2026-05-25,146422.0
2026-05-26,158402.0
2026-05-27,148409.0
2026-05-28,146573.0
2026-05-29,138207.0
2026-05-30,141913.0
2026-05-31,142696.0
2026-06-01,139947.0
2026-06-02,253729.0
2026-06-03,200230.0
2026-06-04,249555.0
2026-06-05,702983.0
2026-06-06,362143.0
2026-06-07,126735.0
2026-06-08,128836.0
2026-06-09,131928.0
2026-06-10,127136.0
2026-06-11,131352.0
2026-06-12,129076.0
2026-06-13,125626.0
2026-06-14,132369.0
2026-06-15,134378.0
2026-06-16,131588.0
2026-06-17,129017.0
2026-06-18,133555.0
2026-06-19,134052.0
2026-06-20,134200.0
2026-06-21,133816.0
2026-06-22,135379.0
2026-06-23,158399.0
2026-06-24,155397.0
2026-06-25,169544.0
2026-06-26,123558.0
2026-06-27,113183.0
2026-06-28,117503.0
2026-06-29,136536.0
2026-06-30,123367.0
2026-07-01,146234.0
2026-07-02,120756.0
2026-07-03,117683.0
2026-07-04,121338.0
2026-07-05,119991.0
2026-07-06,117852.0
2026-07-07,119690.0
2026-07-08,124077.0
2026-07-09,126758.0
2026-07-10,122845.0
2026-07-11,114809.0
2026-07-12,120590.0
2026-07-13,127586.0
2026-07-14,120631.0
2026-07-15,132284.0
2026-07-16,128292.0
2026-07-17,126327.0
2026-07-18,120458.0
2026-07-19,127614.0
2026-07-20,125101.0
2026-07-21,126417.0
2026-07-22,129550.0
2026-07-23,137800.0
2026-07-24,130929.0
2026-07-25,131147.0
2026-07-26,133792.0
2026-07-27,131917.0
2026-07-28,135060.0
2026-07-29,132397.0
2026-07-30,133944.0
2026-07-31,133311.0
2026-08-01,136181.0
2026-08-02,132397.0
2026-08-03,134667.0
2026-08-04,132128.0
2026-08-05,134170.0
2026-08-06,137503.0
2026-08-07,138255.0
2026-08-08,134885.0
2026-08-09,136171.0
2026-08-10,138708.0
2026-08-11,134958.0
2026-08-12,156126.0
2026-08-13,135488.0
2026-08-14,134288.0
2026-08-15,143000.0
2026-08-16,140150.0
2026-08-17,145310.0
2026-08-18,132166.0
2026-08-19,134615.0
2026-08-20,142659.0
2026-08-21,147129.0
2026-08-22,145686.0
2026-08-23,144744.0
2026-08-24,152056.0
2026-08-25,284268.0
2026-08-26,155275.0
2026-08-27,151376.0
2026-08-28,150521.0
2026-08-29,154898.0
2026-08-30,154159.0
2026-08-31,156529.0
2026-09-01,185342.0
2026-09-02,154890.0
2026-09-03,154585.0
2026-09-04,162798.0
2026-09-05,164443.0
2026-09-06,160971.0
2026-09-07,163233.0
2026-09-08,165143.0
2026-09-09,175243.0
2026-09-10,159558.0
2026-09-11,155988.0
2026-09-12,149339.0
2026-09-13,159671.0
2026-09-14,158547.0
2026-09-15,192167.0
2026-09-16,152687.0
2026-09-17,152566.0
2026-09-18,153873.0
2026-09-19,155371.0
2026-09-20,157127.0
2026-09-21,172934.0
2026-09-22,187039.0
2026-09-23,162707.0
2026-09-24,161029.0
2026-09-25,161287.0
2026-09-26,169957.0
2026-09-27,165469.0
2026-09-28,161104.0
2026-09-29,167276.0
2026-09-30,164988.0
2026-10-01,162473.0
2026-10-02,160794.0
2026-10-03,156275.0
2026-10-04,157270.0
