symbol,name,supplied_tokens,supply_apy,supplied_usd,borrowed_tokens,borrowed_usd,available_liquidity_usd,borrow_apy,utilization,reserve_factor,estimated_annual_borrow_interest,estimated_protocol_interest
WETH,Wrapped Ether,2112498.338225708,1.4535224166541338,5564843038.542864,1757510.7856122197,4748779194.638033,816063843.9048305,2.061591364724151,85.33536636608326,15.0,97900421.80647476,14685063.270971214
USDT,Tether USD,2878724650.3729,3.7686386627112496,2878271250.3864226,2697613979.37346,2697189105.1717086,181082145.2147141,4.483985243498005,93.70864906528865,10.0,120941561.4651353,12094156.146513531
USDC,USD Coin,2407500098.254807,3.774369197742875,2407361593.1694107,2257719057.611441,2257589171.0340567,149772422.1353541,4.487404721732356,93.7785656064168,10.0,101307163.05830063,10130716.305830063
GHO,Gho Token,135202033.2462246,0.0,135202019.6705103,115779324.86358725,115779324.86358725,19422694.806923058,4.6027859875132995,85.63431607437781,100.0,5329074.541258696,5329074.541258696
DAI,Dai Stablecoin,129796424.8921186,3.2895431805954867,129775609.25398184,115659381.01275682,115643238.43294887,14132370.821032973,4.9621279326840195,89.11014873883218,25.0,5738365.436541737,1434591.3591354343
wstETH,Wrapped liquid staked Ether 2.0,792475.0933865749,0.0004658080287903439,2667049165.63502,18974.787337918337,63859030.526795454,2603190135.1082244,0.029934106692374608,2.3943702032051117,35.0,19115.630330607022,6690.470615712457
WBTC,Wrapped BTC,34571.54134988,0.0032861747091950523,2948963783.025761,720.92883401,61495467.91137779,2887468315.114383,0.315663559989032,2.0853246236981873,50.0,194118.78324096795,97059.39162048398
EURC,Euro Coin,40306940.948052,2.284776247099935,45318860.53438813,25832293.657165,29044380.246504538,16274480.287883595,3.9942545321327723,64.08894642102827,10.0,1160106.4743258832,116010.64743258832
USDe,USDe,554084394.6816584,0.14366623584749283,553997114.9940348,16050363.526456023,16047835.594200606,537949279.3998342,6.831267522947961,2.896736311410828,25.0,1096270.581082709,274067.6452706772
USDtb,USDtb,13252346.302615546,6.006163288891754,13252346.160769884,10861451.173350373,10861451.173350373,2390894.9874195107,9.30351719568411,81.95870407839834,20.0,1010496.9776134854,202099.39552269707
cbBTC,Coinbase Wrapped BTC,17480.79784683,0.0009946700331714565,1491767411.4450233,122.05579792,10415935.43444002,1481351476.0105832,0.28531764261467757,0.6982278440008598,50.0,29718.501437811137,14859.250718905569
PYUSD,PayPal USD,8107802.233469,3.6335053916729523,8108225.62511727,6800606.392512,6800965.124499205,1307260.5006180655,4.84142409540669,83.87735417020838,10.0,329263.56425771007,32926.356425771
LINK,ChainLink Token,7673578.553426782,0.02181295979342154,108880451.438064,321250.4485044754,4558226.436710339,104322225.00135365,0.6533507073427514,4.186450714068961,20.0,29781.204666531292,5956.240933306258
USDG,Global Dollar,6350831.240246,1.9353597861829601,6351133.793846285,3932268.76361,3932456.096893898,2418677.6969523868,3.9456780787471066,61.91738710817457,20.0,155162.0581714966,31032.411634299322
RLUSD,RLUSD,3185641.668938345,2.6431830132895353,3185673.31114792,2220591.6960988697,2220613.8131921627,965059.4979557573,4.789474008050376,69.70626289335333,20.0,106355.72140201495,21271.14428040299
LUSD,LUSD Stablecoin,1897191.5475344826,0.5473597226860698,1909530.2793754048,627013.4924853956,631093.9144605778,1278436.364914827,2.0865623756331932,33.049694015169244,20.0,13168.168174045144,2633.6336348090285
CRV,Curve DAO Token,8096350.777346277,0.3228650474650423,3046669.502945175,936880.1143692919,352549.4579389441,2694120.045006231,5.729544177760011,11.571634455202288,50.0,20199.47694106525,10099.738470532626
USDS,USDS Stablecoin,8806357.047137659,0.15908080056143648,8805737.349232452,337453.5327842282,337429.7996772675,8468307.549555184,5.68706925985537,3.8319312318198926,25.0,19189.866411037438,4797.466602759359
tBTC,tBTC v2,1718.781082812263,0.00019404294205323954,146676461.1177266,2.590079064984354,221030.84630731167,146455430.2714193,0.2578665330854986,0.15069278643824532,50.0,569.9645804222015,284.98229021110075
weETH,Wrapped eETH,1376260.6244643829,2.0359272976107043e-05,4109166604.1591716,50.90124096705802,151978.24872269068,4109014625.910449,1.0058883670364853,0.0036985175672571407,45.0,1528.7315243273215,687.9291859472946
rETH,Rocket Pool ETH,35366.2891499096,1.7253139686967897e-05,112100446.7101771,40.399074847692845,128052.8563591722,111972393.85381792,0.017770757355446337,0.11423046037473718,15.0,22.755962390306728,3.413394358546009
RPL,Rocket Pool Protocol,353758.0001143998,0.2816561722183764,682135.995420852,64176.230446883914,124444.17659172544,557691.8188291265,1.9570729182945181,18.243308874933085,20.0,2435.463278471265,487.092655694253
FBTC,Fire Bitcoin,164.62737034,0.0008421156855094082,14048886.570116047,1.00099401,85422.3163184349,13963464.253797611,0.5555800267880308,0.6080362019588097,75.0,474.58932788491694,355.9419959136877
crvUSD,Curve.Fi USD Stablecoin,185781.91458466317,0.5830135460556323,185699.7617190461,76419.92874710061,76387.69176435794,109312.06995468815,2.8675921346752595,41.135051040037666,50.0,2190.487440894709,1095.2437204473545
cbETH,Coinbase Wrapped Staked ETH,5568.657278640713,0.00015716661908132855,17167016.806605242,19.19899349426144,59186.51974689621,17107830.286858346,0.05364506153421565,0.34476881110830737,15.0,31.750644938183168,4.762596740727475
UNI,Uniswap,400126.00546797493,0.0011734464895024927,3611483.4453215487,4914.731534119155,44359.78767499551,3567123.657646553,0.19125090637332026,1.228298242165857,50.0,84.83849599370933,42.419247996854665
FRAX,Frax,29738.679101432295,24.087979982591815,29506.061270182963,28455.516084512376,28236.83231329613,1269.2289568868332,32.57912947491965,95.69841279300319,20.0,9199.314158964695,1839.862831792939
LDO,Lido DAO Token,717189.9361184206,0.05020532867334051,326301.3539594688,45549.39808527708,20723.701656642646,305577.6523028261,0.992807770911798,6.351092756794635,20.0,205.7465204677252,41.149304093545034
mUSD,MetaMask USD,27582.369516,2.550590480028899,27582.369516,20635.541511,20635.541511,6946.828005,4.2979998005686655,74.81424501629463,20.0,886.9155329890441,177.3831065978088
SNX,Synthetix Network Token,243778.53038148262,0.03277310167780917,61488.21940856129,57700.95148157284,14553.924840425472,46934.29456813582,14.881589595089578,23.669452425872432,99.0,2165.8553647299145,2144.1968110826156
1INCH,1INCH Token,1714361.7172815024,0.020133722271358716,180766.32342068973,76946.20240776989,8113.39302222306,172652.93039846668,0.9014058441597635,4.488332156505229,50.0,73.13459886196912,36.56729943098456
ENS,Ethereum Name Service,13703.389012836553,0.07361855800151434,93132.51143665981,1175.9583683639307,7992.1803349592965,85140.33110170052,1.7305122797669354,8.581514888487513,50.0,138.3056621175888,69.1528310587944
BAL,Balancer,146241.61100630317,1.6145832828492146,19445.747015508132,26598.101254986206,3536.749523875516,15908.997491632617,11.67608728071173,18.18777916351031,20.0,412.95396130786185,82.59079226157237
rsETH,rsETH,327767.86185051315,1.423197163297006e-10,957636607.0142118,1.0753421769070637,3141.8181998033024,957633465.196012,5.103474476537183e-05,0.0003280804197323961,15.0,0.0016034188992616152,0.00024051283488924228
MKR,Maker,125.59457435774877,0.0008707432100535253,275668.2288928557,1.3289677790727403,2916.9621695051237,272751.26672335056,0.16472501971507436,1.0581423115823998,50.0,4.804966508798576,2.402483254399288
KNC,Kyber Network Crystal v2,58192.85182433212,0.5529410480026721,8224.786804297119,10880.9418146537,1537.876626594002,6686.9101777031165,3.7826643239176687,18.698072827742156,20.0,58.17271050003985,11.63454210000797
LBTC,Lombard Staked Bitcoin,2557.02308306,1.959375420433883e-10,219182427.3266653,0.01697793,1455.3110345523196,219180972.01563075,5.901979488099079e-05,0.0006639724964736119,50.0,0.000858921587473204,0.000429460793736602
ETHx,ETHx,65.60518044075104,0.0001321571129101875,194738.28202982704,0.27043510241359997,802.7425104355357,193935.5395193915,0.06414194631687267,0.41221607896930296,50.0,0.5148946701062773,0.25744733505313866
osETH,Staked ETH,119000.85611054476,5.1810494399999995e-14,347373295.0122043,0.007449336727848629,21.74522713016778,347373273.26697713,9.73762506069015e-07,6.259901795100227e-06,15.0,2.1174686865312113e-07,3.176203029796817e-08
STG,StargateToken,477.9274777713226,0.005530737056648623,83.16468134793861,10.139899648101483,1.7644549902567557,81.40022635768186,0.32846988592955695,2.1216398135101984,20.0,0.005795703293774741,0.001159140658754948
FXS,Frax Share,466.45401146030486,0.0022353122103575696,138.9146691529934,5.528084288680102,1.646318782011821,137.26835037098158,0.23667375271817573,1.1851295417898964,20.0,0.0038964044430915396,0.000779280888618308
syrupUSDT,Syrup USDT,99991713.408337,0.0,114603475.49093467,0.0,0.0,114603475.49093467,0.0,0.0,50.0,0.0,0.0
sUSDe,Staked USDe,119125572.76875652,0.0,,0.0,0.0,,,0.0,,,
sDAI,Savings Dai,42820.492279354716,0.0,50578.190086161776,0.0,0.0,50578.190086161776,0.0,0.0,20.0,0.0,0.0
BTC.b,Bitcoin,15.02927681,0.0,1282560.759480607,0.0,0.0,1282560.759480607,0.0,0.0,50.0,0.0,0.0
ezETH,Renzo Restaked ETH,53.003647764851124,0.0,155686.29263532965,0.0,0.0,155686.29263532965,0.0,0.0,15.0,0.0,0.0
eUSDe,Ethereal Pre-deposit Vault,7097.224818444924,0.0,7096.107005536018,0.0,0.0,7096.107005536018,0.0,0.0,45.0,0.0,0.0
eBTC,ether.fi BTC,74.98399578,0.0,6425070.326934412,0.0,0.0,6425070.326934412,0.0,0.0,50.0,0.0,0.0
tETH,Treehouse ETH,289.7364784535049,0.0,,0.0,0.0,,,0.0,,,
PT-sUSDE-7MAY2026,PT Ethena sUSDE 7MAY2026,19056.076243048374,0.0,19053.074911040094,0.0,0.0,19053.074911040094,0.0,0.0,45.0,0.0,0.0
XAUt,Tether Gold,13520.777431,0.0,55983049.36860412,0.0,0.0,55983049.36860412,0.0,0.0,20.0,0.0,0.0
PT-srUSDe-22OCT2026,PT Strata Senior USDe 22OCT2026,3532382.569278629,0.0,3525557.8295356543,0.0,0.0,3525557.8295356543,0.0,0.0,45.0,0.0,0.0
PT-USDG-28MAY2026,PT Global Dollar 28MAY2026,128.250145,0.0,128.2562548369078,0.0,0.0,128.2562548369078,0.0,0.0,45.0,0.0,0.0
PT-USDe-25SEP2025,PT Ethena USDe 25SEP2025,27841.138650063593,0.0,27836.753670726208,0.0,0.0,27836.753670726208,0.0,0.0,25.0,0.0,0.0
PT-USDe-27NOV2025,PT Ethena USDe 27NOV2025,3615.2888830547613,0.0,3614.71947505568,0.0,0.0,3614.71947505568,0.0,0.0,45.0,0.0,0.0
PT-USDe-31JUL2025,PT Ethena USDe 31JUL2025,149.58480238339465,0.0,149.56124277701926,0.0,0.0,149.56124277701926,0.0,0.0,45.0,0.0,0.0
PT-USDe-5FEB2026,PT Ethena USDe 5FEB2026,453.68600299968597,0.0,453.6145474542135,0.0,0.0,453.6145474542135,0.0,0.0,45.0,0.0,0.0
PT-USDe-7MAY2026,PT Ethena USDe 7MAY2026,475.8192533597724,0.0,475.7443118273682,0.0,0.0,475.7443118273682,0.0,0.0,45.0,0.0,0.0
PT-eUSDE-14AUG2025,PT Ethereal eUSDE 14AUG2025,767.6225353536007,0.0,767.5016348042825,0.0,0.0,767.5016348042825,0.0,0.0,45.0,0.0,0.0
PT-eUSDE-29MAY2025,PT Ethereal eUSDE 29MAY2025,213.09679163079684,0.0,213.06322888611498,0.0,0.0,213.06322888611498,0.0,0.0,20.0,0.0,0.0
PT-sUSDE-25SEP2025,PT Ethena sUSDE 25SEP2025,330.33287144881035,0.0,330.2808440215572,0.0,0.0,330.2808440215572,0.0,0.0,10.0,0.0,0.0
PT-sUSDE-27NOV2025,PT Ethena sUSDE 27NOV2025,904.8598008072096,0.0,904.7172853885824,0.0,0.0,904.7172853885824,0.0,0.0,45.0,0.0,0.0
PT-sUSDE-31JUL2025,PT Ethena sUSDE 31JUL2025,291.32523175593946,0.0,291.2793480319379,0.0,0.0,291.2793480319379,0.0,0.0,20.0,0.0,0.0
PT-sUSDE-5FEB2026,PT Ethena sUSDE 5FEB2026,164.80001544355642,0.0,164.77405944112408,0.0,0.0,164.77405944112408,0.0,0.0,45.0,0.0,0.0
PT-srUSDe-2APR2026,PT Strata Senior USDe 2APR2026,1796.2998513806933,0.0,1796.016934154101,0.0,0.0,1796.016934154101,0.0,0.0,50.0,0.0,0.0
AAVE,Aave Token,814478.0161742507,0.0,,0.0,0.0,,,0.0,,,
PT-srUSDe-25JUN2026,PT Strata Senior USDe 25JUN2026,7464.8258649222025,0.0,7463.6501548484775,0.0,0.0,7463.6501548484775,0.0,0.0,45.0,0.0,0.0
